Assembly Accession	ANI Best ANI match ANI	ANI Best ANI match Assembly	ANI Best ANI match Assembly Coverage	ANI Best ANI match Type Category	ANI Best ANI match Organism	ANI Best ANI match Type Assembly Coverage	ANI Best match status	ANI Category	ANI Check status	ANI Comment	ANI Declared ANI match ANI	ANI Declared ANI match Assembly	ANI Declared ANI match Assembly Coverage	ANI Declared ANI match Type Category	ANI Declared ANI match Organism	ANI Declared ANI match Type Assembly Coverage	ANI Submitted organism	ANI Submitted species	Annotation BUSCO Complete	Annotation BUSCO Duplicated	Annotation BUSCO Fragmented	Annotation BUSCO Lineage	Annotation BUSCO Missing	Annotation BUSCO Single Copy	Annotation BUSCO Total Count	Annotation BUSCO Version	Annotation Count Gene Non-coding	Annotation Count Gene Other	Annotation Count Gene Protein-coding	Annotation Count Gene Pseudogene	Annotation Count Gene Total	Annotation Method	Annotation Name	Annotation Pipeline	Annotation Provider	Annotation Release Date	Annotation Report URL	Annotation Software Version	Annotation Status	Assembly Assembly Method	Assembly Atypical Is Atypical	Assembly Atypical Warnings	Assembly BioProject Accession	Assembly BioProject Lineage Accession	Assembly BioProject Lineage Parent Accession	Assembly BioProject Lineage Parent Accessions	Assembly BioProject Lineage Title	Assembly BioSample Accession	Assembly BioSample Age	Assembly BioSample Attribute Name	Assembly BioSample Attribute Value	Assembly BioSample Biomaterial provider	Assembly BioSample BioProject Accession	Assembly BioSample BioProject Parent Accession	Assembly BioSample BioProject Parent Accessions	Assembly BioSample BioProject Title	Assembly BioSample Breed	Assembly BioSample Collected by	Assembly BioSample Collection date	Assembly BioSample Cultivar	Assembly BioSample Description Comment	Assembly BioSample Description Organism Common Name	Assembly BioSample Description Organism Infraspecific Names Breed	Assembly BioSample Description Organism Infraspecific Names Cultivar	Assembly BioSample Description Organism Infraspecific Names Ecotype	Assembly BioSample Description Organism Infraspecific Names Isolate	Assembly BioSample Description Organism Infraspecific Names Sex	Assembly BioSample Description Organism Infraspecific Names Strain	Assembly BioSample Description Organism Name	Assembly BioSample Description Organism Pangolin Classification	Assembly BioSample Description Organism Taxonomic ID	Assembly BioSample Description Title	Assembly BioSample Development stage	Assembly BioSample Ecotype	Assembly BioSample Geographic location	Assembly BioSample Host	Assembly BioSample Host disease	Assembly BioSample Identified by	Assembly BioSample Sample Identifiers Database	Assembly BioSample Sample Identifiers Label	Assembly BioSample Sample Identifiers Value	Assembly BioSample IFSAC category	Assembly BioSample Isolate	Assembly BioSample Isolate name alias	Assembly BioSample Isolation source	Assembly BioSample Last updated	Assembly BioSample Latitude and Longitude	Assembly BioSample Models	Assembly BioSample Owner Contact Lab	Assembly BioSample Owner Name	Assembly BioSample Package	Assembly BioSample Project name	Assembly BioSample Publication date	Assembly BioSample Sample name	Assembly BioSample Serotype	Assembly BioSample Serovar	Assembly BioSample Sex	Assembly BioSample Source type	Assembly BioSample Status Status	Assembly BioSample Status When	Assembly BioSample Strain	Assembly BioSample Sub-species	Assembly BioSample Submission date	Assembly BioSample Tissue	Assembly Blast URL	Assembly Description	Assembly Diploid Role	Assembly Grouping Method	Assembly Level	Assembly Linked Assembly Accession	Assembly Linked Assembly Type	Assembly LongName	Assembly Name	Assembly Notes 	Assembly Paired Assembly Accession	Assembly Paired Assembly Changed	Assembly Paired Assembly Differences	Assembly Paired Assembly Manual Diff	Assembly Paired Assembly Name	Assembly Paired Assembly Only Genbank	Assembly Paired Assembly Only RefSeq	Assembly Paired Assembly RefSeq GenBank Are Different	Assembly Paired Assembly Status	Assembly Refseq Category	Assembly Release Date	Assembly Sequencing Tech	Assembly Status	Assembly Submitter	Assembly Suppression Reason	Assembly Synonym	Assembly Type	Assembly Stats ATGC Count	Assembly Stats Contig L50	Assembly Stats Contig N50	Assembly Stats Gaps Between Scaffolds Count	Assembly Stats GC Count	Assembly Stats GC Percent	Assembly Stats Genome Coverage	Assembly Stats Number of Component Sequences	Assembly Stats Number of Contigs	Assembly Stats Number of Organelles	Assembly Stats Number of Scaffolds	Assembly Stats Scaffold L50	Assembly Stats Scaffold N50	Assembly Stats Total Number of Chromosomes	Assembly Stats Total Sequence Length	Assembly Stats Total Ungapped Length	CheckM completeness	CheckM completeness percentile	CheckM contamination	CheckM marker set	CheckM marker set rank	CheckM species tax id	CheckM version	Current Accession	Organelle Assembly Name	Organelle BioProject Accessions	Organelle Description	Organelle Infraspecific Name	Organelle Submitter	Organelle Total Seq Length	Organism Common Name	Organism Infraspecific Names Breed	Organism Infraspecific Names Cultivar	Organism Infraspecific Names Ecotype	Organism Infraspecific Names Isolate	Organism Infraspecific Names Sex	Organism Infraspecific Names Strain	Organism Name	Organism Pangolin Classification	Organism Taxonomic ID	Source Database	Type Material Display Text	Type Material Label	WGS contigs URL	WGS project accession	WGS URL
GCF_002944845.1	99.13	GCA_000788015.1	86.91	type	Klebsiella pneumoniae	87.77	derived_species_match	category_na	OK	na	99.13	GCA_000788015.1	86.91	type	Klebsiella pneumoniae subsp. pneumoniae	87.77	Klebsiella pneumoniae	Klebsiella pneumoniae									121		5484	169	5774	Best-placed reference protein set; GeneMarkS-2+	GCF_002944845.1-RS_2025_01_05	NCBI Prokaryotic Genome Annotation Pipeline (PGAP)	NCBI RefSeq	2025-01-05		6.9		HGAP3 v. smrt v2.3 HGAP3			PRJNA432625	PRJNA432625			Klebsiella pneumoniae strain:NUHL30457 Genome sequencing	SAMN08455837		strain	NUHL30457								2016-10-24										Klebsiella pneumoniae		573	Microbe sample from Klebsiella pneumoniae			China:Nanchang	Homo sapiens				Sample name	NUHL30457					2021-02-28T05:29:12.411		Microbe, viral or environmental		First Affiliated Hospital of Nanchang University, Nanchang University	Microbe.1.0		2018-02-02T00:00:00.000						live	2018-02-02T00:26:03.330	NUHL30457		2018-02-02T00:26:03.330						Complete Genome				ASM294484v1		GCA_002944845.1				NCBI Prokaryotic Genome Annotation Pipeline (PGAP)				current		2018-02-12	PacBio	current	First Affiliated Hospital of Nanchang University, Nanchang University			haploid	5782903	1	5302595		3298884	57	151	5	5		5	1	5302595	5	5782903	5782903	98.73	57.0308	0.63	Klebsiella pneumoniae	species	573	v1.2.3	GCF_002944845.1													NUHL30457	Klebsiella pneumoniae		573	SOURCE_DATABASE_REFSEQ					
GCF_002944845.1	99.13	GCA_000788015.1	86.91	type	Klebsiella pneumoniae	87.77	derived_species_match	category_na	OK	na	99.13	GCA_000788015.1	86.91	type	Klebsiella pneumoniae subsp. pneumoniae	87.77	Klebsiella pneumoniae	Klebsiella pneumoniae									121		5484	169	5774	Best-placed reference protein set; GeneMarkS-2+	GCF_002944845.1-RS_2025_01_05	NCBI Prokaryotic Genome Annotation Pipeline (PGAP)	NCBI RefSeq	2025-01-05		6.9		HGAP3 v. smrt v2.3 HGAP3			PRJNA432625	PRJNA432625			Klebsiella pneumoniae strain:NUHL30457 Genome sequencing	SAMN08455837		host	Homo sapiens								2016-10-24										Klebsiella pneumoniae		573	Microbe sample from Klebsiella pneumoniae			China:Nanchang	Homo sapiens				Sample name	NUHL30457					2021-02-28T05:29:12.411		Microbe, viral or environmental		First Affiliated Hospital of Nanchang University, Nanchang University	Microbe.1.0		2018-02-02T00:00:00.000						live	2018-02-02T00:26:03.330	NUHL30457		2018-02-02T00:26:03.330						Complete Genome				ASM294484v1		GCA_002944845.1				NCBI Prokaryotic Genome Annotation Pipeline (PGAP)				current		2018-02-12	PacBio	current	First Affiliated Hospital of Nanchang University, Nanchang University			haploid	5782903	1	5302595		3298884	57	151	5	5		5	1	5302595	5	5782903	5782903	98.73	57.0308	0.63	Klebsiella pneumoniae	species	573	v1.2.3	GCF_002944845.1													NUHL30457	Klebsiella pneumoniae		573	SOURCE_DATABASE_REFSEQ					
GCF_002944845.1	99.13	GCA_000788015.1	86.91	type	Klebsiella pneumoniae	87.77	derived_species_match	category_na	OK	na	99.13	GCA_000788015.1	86.91	type	Klebsiella pneumoniae subsp. pneumoniae	87.77	Klebsiella pneumoniae	Klebsiella pneumoniae									121		5484	169	5774	Best-placed reference protein set; GeneMarkS-2+	GCF_002944845.1-RS_2025_01_05	NCBI Prokaryotic Genome Annotation Pipeline (PGAP)	NCBI RefSeq	2025-01-05		6.9		HGAP3 v. smrt v2.3 HGAP3			PRJNA432625	PRJNA432625			Klebsiella pneumoniae strain:NUHL30457 Genome sequencing	SAMN08455837		collection_date	2016-10-24								2016-10-24										Klebsiella pneumoniae		573	Microbe sample from Klebsiella pneumoniae			China:Nanchang	Homo sapiens				Sample name	NUHL30457					2021-02-28T05:29:12.411		Microbe, viral or environmental		First Affiliated Hospital of Nanchang University, Nanchang University	Microbe.1.0		2018-02-02T00:00:00.000						live	2018-02-02T00:26:03.330	NUHL30457		2018-02-02T00:26:03.330						Complete Genome				ASM294484v1		GCA_002944845.1				NCBI Prokaryotic Genome Annotation Pipeline (PGAP)				current		2018-02-12	PacBio	current	First Affiliated Hospital of Nanchang University, Nanchang University			haploid	5782903	1	5302595		3298884	57	151	5	5		5	1	5302595	5	5782903	5782903	98.73	57.0308	0.63	Klebsiella pneumoniae	species	573	v1.2.3	GCF_002944845.1													NUHL30457	Klebsiella pneumoniae		573	SOURCE_DATABASE_REFSEQ					
GCF_002944845.1	99.13	GCA_000788015.1	86.91	type	Klebsiella pneumoniae	87.77	derived_species_match	category_na	OK	na	99.13	GCA_000788015.1	86.91	type	Klebsiella pneumoniae subsp. pneumoniae	87.77	Klebsiella pneumoniae	Klebsiella pneumoniae									121		5484	169	5774	Best-placed reference protein set; GeneMarkS-2+	GCF_002944845.1-RS_2025_01_05	NCBI Prokaryotic Genome Annotation Pipeline (PGAP)	NCBI RefSeq	2025-01-05		6.9		HGAP3 v. smrt v2.3 HGAP3			PRJNA432625	PRJNA432625			Klebsiella pneumoniae strain:NUHL30457 Genome sequencing	SAMN08455837		geo_loc_name	China:Nanchang								2016-10-24										Klebsiella pneumoniae		573	Microbe sample from Klebsiella pneumoniae			China:Nanchang	Homo sapiens				Sample name	NUHL30457					2021-02-28T05:29:12.411		Microbe, viral or environmental		First Affiliated Hospital of Nanchang University, Nanchang University	Microbe.1.0		2018-02-02T00:00:00.000						live	2018-02-02T00:26:03.330	NUHL30457		2018-02-02T00:26:03.330						Complete Genome				ASM294484v1		GCA_002944845.1				NCBI Prokaryotic Genome Annotation Pipeline (PGAP)				current		2018-02-12	PacBio	current	First Affiliated Hospital of Nanchang University, Nanchang University			haploid	5782903	1	5302595		3298884	57	151	5	5		5	1	5302595	5	5782903	5782903	98.73	57.0308	0.63	Klebsiella pneumoniae	species	573	v1.2.3	GCF_002944845.1													NUHL30457	Klebsiella pneumoniae		573	SOURCE_DATABASE_REFSEQ					
GCF_002944845.1	99.13	GCA_000788015.1	86.91	type	Klebsiella pneumoniae	87.77	derived_species_match	category_na	OK	na	99.13	GCA_000788015.1	86.91	type	Klebsiella pneumoniae subsp. pneumoniae	87.77	Klebsiella pneumoniae	Klebsiella pneumoniae									121		5484	169	5774	Best-placed reference protein set; GeneMarkS-2+	GCF_002944845.1-RS_2025_01_05	NCBI Prokaryotic Genome Annotation Pipeline (PGAP)	NCBI RefSeq	2025-01-05		6.9		HGAP3 v. smrt v2.3 HGAP3			PRJNA432625	PRJNA432625			Klebsiella pneumoniae strain:NUHL30457 Genome sequencing	SAMN08455837		sample_type	tissue sample								2016-10-24										Klebsiella pneumoniae		573	Microbe sample from Klebsiella pneumoniae			China:Nanchang	Homo sapiens				Sample name	NUHL30457					2021-02-28T05:29:12.411		Microbe, viral or environmental		First Affiliated Hospital of Nanchang University, Nanchang University	Microbe.1.0		2018-02-02T00:00:00.000						live	2018-02-02T00:26:03.330	NUHL30457		2018-02-02T00:26:03.330						Complete Genome				ASM294484v1		GCA_002944845.1				NCBI Prokaryotic Genome Annotation Pipeline (PGAP)				current		2018-02-12	PacBio	current	First Affiliated Hospital of Nanchang University, Nanchang University			haploid	5782903	1	5302595		3298884	57	151	5	5		5	1	5302595	5	5782903	5782903	98.73	57.0308	0.63	Klebsiella pneumoniae	species	573	v1.2.3	GCF_002944845.1													NUHL30457	Klebsiella pneumoniae		573	SOURCE_DATABASE_REFSEQ					
GCF_004118955.1	99.15	GCA_006364295.1	86.37	type	Klebsiella pneumoniae	90.21	species_match	category_na	OK	na	99.15	GCA_006364295.1	86.37	type	Klebsiella pneumoniae	90.21	Klebsiella pneumoniae	Klebsiella pneumoniae									123		5386	153	5662	Best-placed reference protein set; GeneMarkS-2+	GCF_004118955.1-RS_2025_01_05	NCBI Prokaryotic Genome Annotation Pipeline (PGAP)	NCBI RefSeq	2025-01-05		6.9		HGAP v. HGAP3			PRJNA516531	PRJNA516531			Klebsiella pneumoniae strain:AP8555 Genome sequencing	SAMN10790857		isolate	AP8555								2017-07-04										Klebsiella pneumoniae		573	Microbe sample from Klebsiella pneumoniae			China:Nanchang					Sample name	AP8555		AP8555		blood	2021-02-28T06:50:12.143		Microbe, viral or environmental		Chinese Human genome center at Shanghai	Microbe.1.0		2019-01-23T00:00:00.000						live	2019-01-23T03:01:07.439			2019-01-23T03:01:07.436						Complete Genome				ASM411895v1		GCA_004118955.1				NCBI Prokaryotic Genome Annotation Pipeline (PGAP)				current		2019-01-30	PacBio RSII	current	Chinese Human genome center at Shanghai			haploid	5821768	1	5463931		3321510	57	357	2	2		2	1	5463931	2	5821768	5821768	98.53	41.2204	0.72	Klebsiella pneumoniae	species	573	v1.2.3	GCF_004118955.1													AP8555	Klebsiella pneumoniae		573	SOURCE_DATABASE_REFSEQ					
GCF_004118955.1	99.15	GCA_006364295.1	86.37	type	Klebsiella pneumoniae	90.21	species_match	category_na	OK	na	99.15	GCA_006364295.1	86.37	type	Klebsiella pneumoniae	90.21	Klebsiella pneumoniae	Klebsiella pneumoniae									123		5386	153	5662	Best-placed reference protein set; GeneMarkS-2+	GCF_004118955.1-RS_2025_01_05	NCBI Prokaryotic Genome Annotation Pipeline (PGAP)	NCBI RefSeq	2025-01-05		6.9		HGAP v. HGAP3			PRJNA516531	PRJNA516531			Klebsiella pneumoniae strain:AP8555 Genome sequencing	SAMN10790857		isolation_source	blood								2017-07-04										Klebsiella pneumoniae		573	Microbe sample from Klebsiella pneumoniae			China:Nanchang					Sample name	AP8555		AP8555		blood	2021-02-28T06:50:12.143		Microbe, viral or environmental		Chinese Human genome center at Shanghai	Microbe.1.0		2019-01-23T00:00:00.000						live	2019-01-23T03:01:07.439			2019-01-23T03:01:07.436						Complete Genome				ASM411895v1		GCA_004118955.1				NCBI Prokaryotic Genome Annotation Pipeline (PGAP)				current		2019-01-30	PacBio RSII	current	Chinese Human genome center at Shanghai			haploid	5821768	1	5463931		3321510	57	357	2	2		2	1	5463931	2	5821768	5821768	98.53	41.2204	0.72	Klebsiella pneumoniae	species	573	v1.2.3	GCF_004118955.1													AP8555	Klebsiella pneumoniae		573	SOURCE_DATABASE_REFSEQ					
GCF_004118955.1	99.15	GCA_006364295.1	86.37	type	Klebsiella pneumoniae	90.21	species_match	category_na	OK	na	99.15	GCA_006364295.1	86.37	type	Klebsiella pneumoniae	90.21	Klebsiella pneumoniae	Klebsiella pneumoniae									123		5386	153	5662	Best-placed reference protein set; GeneMarkS-2+	GCF_004118955.1-RS_2025_01_05	NCBI Prokaryotic Genome Annotation Pipeline (PGAP)	NCBI RefSeq	2025-01-05		6.9		HGAP v. HGAP3			PRJNA516531	PRJNA516531			Klebsiella pneumoniae strain:AP8555 Genome sequencing	SAMN10790857		collection_date	2017-07-04								2017-07-04										Klebsiella pneumoniae		573	Microbe sample from Klebsiella pneumoniae			China:Nanchang					Sample name	AP8555		AP8555		blood	2021-02-28T06:50:12.143		Microbe, viral or environmental		Chinese Human genome center at Shanghai	Microbe.1.0		2019-01-23T00:00:00.000						live	2019-01-23T03:01:07.439			2019-01-23T03:01:07.436						Complete Genome				ASM411895v1		GCA_004118955.1				NCBI Prokaryotic Genome Annotation Pipeline (PGAP)				current		2019-01-30	PacBio RSII	current	Chinese Human genome center at Shanghai			haploid	5821768	1	5463931		3321510	57	357	2	2		2	1	5463931	2	5821768	5821768	98.53	41.2204	0.72	Klebsiella pneumoniae	species	573	v1.2.3	GCF_004118955.1													AP8555	Klebsiella pneumoniae		573	SOURCE_DATABASE_REFSEQ					
GCF_004118955.1	99.15	GCA_006364295.1	86.37	type	Klebsiella pneumoniae	90.21	species_match	category_na	OK	na	99.15	GCA_006364295.1	86.37	type	Klebsiella pneumoniae	90.21	Klebsiella pneumoniae	Klebsiella pneumoniae									123		5386	153	5662	Best-placed reference protein set; GeneMarkS-2+	GCF_004118955.1-RS_2025_01_05	NCBI Prokaryotic Genome Annotation Pipeline (PGAP)	NCBI RefSeq	2025-01-05		6.9		HGAP v. HGAP3			PRJNA516531	PRJNA516531			Klebsiella pneumoniae strain:AP8555 Genome sequencing	SAMN10790857		geo_loc_name	China:Nanchang								2017-07-04										Klebsiella pneumoniae		573	Microbe sample from Klebsiella pneumoniae			China:Nanchang					Sample name	AP8555		AP8555		blood	2021-02-28T06:50:12.143		Microbe, viral or environmental		Chinese Human genome center at Shanghai	Microbe.1.0		2019-01-23T00:00:00.000						live	2019-01-23T03:01:07.439			2019-01-23T03:01:07.436						Complete Genome				ASM411895v1		GCA_004118955.1				NCBI Prokaryotic Genome Annotation Pipeline (PGAP)				current		2019-01-30	PacBio RSII	current	Chinese Human genome center at Shanghai			haploid	5821768	1	5463931		3321510	57	357	2	2		2	1	5463931	2	5821768	5821768	98.53	41.2204	0.72	Klebsiella pneumoniae	species	573	v1.2.3	GCF_004118955.1													AP8555	Klebsiella pneumoniae		573	SOURCE_DATABASE_REFSEQ					
GCF_004118955.1	99.15	GCA_006364295.1	86.37	type	Klebsiella pneumoniae	90.21	species_match	category_na	OK	na	99.15	GCA_006364295.1	86.37	type	Klebsiella pneumoniae	90.21	Klebsiella pneumoniae	Klebsiella pneumoniae									123		5386	153	5662	Best-placed reference protein set; GeneMarkS-2+	GCF_004118955.1-RS_2025_01_05	NCBI Prokaryotic Genome Annotation Pipeline (PGAP)	NCBI RefSeq	2025-01-05		6.9		HGAP v. HGAP3			PRJNA516531	PRJNA516531			Klebsiella pneumoniae strain:AP8555 Genome sequencing	SAMN10790857		sample_type	cell culture								2017-07-04										Klebsiella pneumoniae		573	Microbe sample from Klebsiella pneumoniae			China:Nanchang					Sample name	AP8555		AP8555		blood	2021-02-28T06:50:12.143		Microbe, viral or environmental		Chinese Human genome center at Shanghai	Microbe.1.0		2019-01-23T00:00:00.000						live	2019-01-23T03:01:07.439			2019-01-23T03:01:07.436						Complete Genome				ASM411895v1		GCA_004118955.1				NCBI Prokaryotic Genome Annotation Pipeline (PGAP)				current		2019-01-30	PacBio RSII	current	Chinese Human genome center at Shanghai			haploid	5821768	1	5463931		3321510	57	357	2	2		2	1	5463931	2	5821768	5821768	98.53	41.2204	0.72	Klebsiella pneumoniae	species	573	v1.2.3	GCF_004118955.1													AP8555	Klebsiella pneumoniae		573	SOURCE_DATABASE_REFSEQ					
GCF_029167725.1	99.69	GCA_000788015.1	88.92	type	Klebsiella pneumoniae	90.81	derived_species_match	category_na	OK	na	99.69	GCA_000788015.1	88.92	type	Klebsiella pneumoniae subsp. pneumoniae	90.81	Klebsiella pneumoniae	Klebsiella pneumoniae									122		5576	192	5890	Best-placed reference protein set; GeneMarkS-2+	GCF_029167725.1-RS_2025_05_23	NCBI Prokaryotic Genome Annotation Pipeline (PGAP)	NCBI RefSeq	2025-05-23		6.10		canu v. 1.8			PRJNA940206	PRJNA940206			Klebsiella pneumoniae Genome sequencing and assembly	SAMN33555564		strain	X-CRHVKP-130		PRJNA940206						2018-10										Klebsiella pneumoniae		573	Microbe sample from Klebsiella pneumoniae			China:Nanchang	Homo sapiens				Sample name	JX-CRHVKP-130				blood	2023-03-01T23:01:03.877		Microbe, viral or environmental		The First Affiliated Hospital of Nanchang University	Microbe.1.0		2023-03-01T00:00:00.000						live	2023-03-01T20:22:03.477	X-CRHVKP-130		2023-03-01T20:22:03.477						Complete Genome				ASM2916772v1		GCA_029167725.1				NCBI Prokaryotic Genome Annotation Pipeline (PGAP)				current		2023-03-12	PacBio Sequel	current	The First Affiliated Hospital of Nanchang University			haploid	5847666	1	5383528		3330373	57	25.3	6	6		6	1	5383528	6	5847666	5847666	98.41	32.537	0.25	Klebsiella pneumoniae	species	573	v1.2.3	GCF_029167725.1													X-CRHVKP-130	Klebsiella pneumoniae		573	SOURCE_DATABASE_REFSEQ					
GCF_029167725.1	99.69	GCA_000788015.1	88.92	type	Klebsiella pneumoniae	90.81	derived_species_match	category_na	OK	na	99.69	GCA_000788015.1	88.92	type	Klebsiella pneumoniae subsp. pneumoniae	90.81	Klebsiella pneumoniae	Klebsiella pneumoniae									122		5576	192	5890	Best-placed reference protein set; GeneMarkS-2+	GCF_029167725.1-RS_2025_05_23	NCBI Prokaryotic Genome Annotation Pipeline (PGAP)	NCBI RefSeq	2025-05-23		6.10		canu v. 1.8			PRJNA940206	PRJNA940206			Klebsiella pneumoniae Genome sequencing and assembly	SAMN33555564		host	Homo sapiens		PRJNA940206						2018-10										Klebsiella pneumoniae		573	Microbe sample from Klebsiella pneumoniae			China:Nanchang	Homo sapiens				Sample name	JX-CRHVKP-130				blood	2023-03-01T23:01:03.877		Microbe, viral or environmental		The First Affiliated Hospital of Nanchang University	Microbe.1.0		2023-03-01T00:00:00.000						live	2023-03-01T20:22:03.477	X-CRHVKP-130		2023-03-01T20:22:03.477						Complete Genome				ASM2916772v1		GCA_029167725.1				NCBI Prokaryotic Genome Annotation Pipeline (PGAP)				current		2023-03-12	PacBio Sequel	current	The First Affiliated Hospital of Nanchang University			haploid	5847666	1	5383528		3330373	57	25.3	6	6		6	1	5383528	6	5847666	5847666	98.41	32.537	0.25	Klebsiella pneumoniae	species	573	v1.2.3	GCF_029167725.1													X-CRHVKP-130	Klebsiella pneumoniae		573	SOURCE_DATABASE_REFSEQ					
GCF_029167725.1	99.69	GCA_000788015.1	88.92	type	Klebsiella pneumoniae	90.81	derived_species_match	category_na	OK	na	99.69	GCA_000788015.1	88.92	type	Klebsiella pneumoniae subsp. pneumoniae	90.81	Klebsiella pneumoniae	Klebsiella pneumoniae									122		5576	192	5890	Best-placed reference protein set; GeneMarkS-2+	GCF_029167725.1-RS_2025_05_23	NCBI Prokaryotic Genome Annotation Pipeline (PGAP)	NCBI RefSeq	2025-05-23		6.10		canu v. 1.8			PRJNA940206	PRJNA940206			Klebsiella pneumoniae Genome sequencing and assembly	SAMN33555564		isolation_source	blood		PRJNA940206						2018-10										Klebsiella pneumoniae		573	Microbe sample from Klebsiella pneumoniae			China:Nanchang	Homo sapiens				Sample name	JX-CRHVKP-130				blood	2023-03-01T23:01:03.877		Microbe, viral or environmental		The First Affiliated Hospital of Nanchang University	Microbe.1.0		2023-03-01T00:00:00.000						live	2023-03-01T20:22:03.477	X-CRHVKP-130		2023-03-01T20:22:03.477						Complete Genome				ASM2916772v1		GCA_029167725.1				NCBI Prokaryotic Genome Annotation Pipeline (PGAP)				current		2023-03-12	PacBio Sequel	current	The First Affiliated Hospital of Nanchang University			haploid	5847666	1	5383528		3330373	57	25.3	6	6		6	1	5383528	6	5847666	5847666	98.41	32.537	0.25	Klebsiella pneumoniae	species	573	v1.2.3	GCF_029167725.1													X-CRHVKP-130	Klebsiella pneumoniae		573	SOURCE_DATABASE_REFSEQ					
GCF_029167725.1	99.69	GCA_000788015.1	88.92	type	Klebsiella pneumoniae	90.81	derived_species_match	category_na	OK	na	99.69	GCA_000788015.1	88.92	type	Klebsiella pneumoniae subsp. pneumoniae	90.81	Klebsiella pneumoniae	Klebsiella pneumoniae									122		5576	192	5890	Best-placed reference protein set; GeneMarkS-2+	GCF_029167725.1-RS_2025_05_23	NCBI Prokaryotic Genome Annotation Pipeline (PGAP)	NCBI RefSeq	2025-05-23		6.10		canu v. 1.8			PRJNA940206	PRJNA940206			Klebsiella pneumoniae Genome sequencing and assembly	SAMN33555564		collection_date	2018-10		PRJNA940206						2018-10										Klebsiella pneumoniae		573	Microbe sample from Klebsiella pneumoniae			China:Nanchang	Homo sapiens				Sample name	JX-CRHVKP-130				blood	2023-03-01T23:01:03.877		Microbe, viral or environmental		The First Affiliated Hospital of Nanchang University	Microbe.1.0		2023-03-01T00:00:00.000						live	2023-03-01T20:22:03.477	X-CRHVKP-130		2023-03-01T20:22:03.477						Complete Genome				ASM2916772v1		GCA_029167725.1				NCBI Prokaryotic Genome Annotation Pipeline (PGAP)				current		2023-03-12	PacBio Sequel	current	The First Affiliated Hospital of Nanchang University			haploid	5847666	1	5383528		3330373	57	25.3	6	6		6	1	5383528	6	5847666	5847666	98.41	32.537	0.25	Klebsiella pneumoniae	species	573	v1.2.3	GCF_029167725.1													X-CRHVKP-130	Klebsiella pneumoniae		573	SOURCE_DATABASE_REFSEQ					
GCF_029167725.1	99.69	GCA_000788015.1	88.92	type	Klebsiella pneumoniae	90.81	derived_species_match	category_na	OK	na	99.69	GCA_000788015.1	88.92	type	Klebsiella pneumoniae subsp. pneumoniae	90.81	Klebsiella pneumoniae	Klebsiella pneumoniae									122		5576	192	5890	Best-placed reference protein set; GeneMarkS-2+	GCF_029167725.1-RS_2025_05_23	NCBI Prokaryotic Genome Annotation Pipeline (PGAP)	NCBI RefSeq	2025-05-23		6.10		canu v. 1.8			PRJNA940206	PRJNA940206			Klebsiella pneumoniae Genome sequencing and assembly	SAMN33555564		geo_loc_name	China:Nanchang		PRJNA940206						2018-10										Klebsiella pneumoniae		573	Microbe sample from Klebsiella pneumoniae			China:Nanchang	Homo sapiens				Sample name	JX-CRHVKP-130				blood	2023-03-01T23:01:03.877		Microbe, viral or environmental		The First Affiliated Hospital of Nanchang University	Microbe.1.0		2023-03-01T00:00:00.000						live	2023-03-01T20:22:03.477	X-CRHVKP-130		2023-03-01T20:22:03.477						Complete Genome				ASM2916772v1		GCA_029167725.1				NCBI Prokaryotic Genome Annotation Pipeline (PGAP)				current		2023-03-12	PacBio Sequel	current	The First Affiliated Hospital of Nanchang University			haploid	5847666	1	5383528		3330373	57	25.3	6	6		6	1	5383528	6	5847666	5847666	98.41	32.537	0.25	Klebsiella pneumoniae	species	573	v1.2.3	GCF_029167725.1													X-CRHVKP-130	Klebsiella pneumoniae		573	SOURCE_DATABASE_REFSEQ					
GCF_029167725.1	99.69	GCA_000788015.1	88.92	type	Klebsiella pneumoniae	90.81	derived_species_match	category_na	OK	na	99.69	GCA_000788015.1	88.92	type	Klebsiella pneumoniae subsp. pneumoniae	90.81	Klebsiella pneumoniae	Klebsiella pneumoniae									122		5576	192	5890	Best-placed reference protein set; GeneMarkS-2+	GCF_029167725.1-RS_2025_05_23	NCBI Prokaryotic Genome Annotation Pipeline (PGAP)	NCBI RefSeq	2025-05-23		6.10		canu v. 1.8			PRJNA940206	PRJNA940206			Klebsiella pneumoniae Genome sequencing and assembly	SAMN33555564		sample_type	whole organism		PRJNA940206						2018-10										Klebsiella pneumoniae		573	Microbe sample from Klebsiella pneumoniae			China:Nanchang	Homo sapiens				Sample name	JX-CRHVKP-130				blood	2023-03-01T23:01:03.877		Microbe, viral or environmental		The First Affiliated Hospital of Nanchang University	Microbe.1.0		2023-03-01T00:00:00.000						live	2023-03-01T20:22:03.477	X-CRHVKP-130		2023-03-01T20:22:03.477						Complete Genome				ASM2916772v1		GCA_029167725.1				NCBI Prokaryotic Genome Annotation Pipeline (PGAP)				current		2023-03-12	PacBio Sequel	current	The First Affiliated Hospital of Nanchang University			haploid	5847666	1	5383528		3330373	57	25.3	6	6		6	1	5383528	6	5847666	5847666	98.41	32.537	0.25	Klebsiella pneumoniae	species	573	v1.2.3	GCF_029167725.1													X-CRHVKP-130	Klebsiella pneumoniae		573	SOURCE_DATABASE_REFSEQ					
GCF_038977565.1	99.72	GCA_000788015.1	87.99	type	Klebsiella pneumoniae	91.52	derived_species_match	category_na	OK	na	99.72	GCA_000788015.1	87.99	type	Klebsiella pneumoniae subsp. pneumoniae	91.52	Klebsiella pneumoniae	Klebsiella pneumoniae									122		5704	181	6007	Best-placed reference protein set; GeneMarkS-2+	GCF_038977565.1-RS_2025_05_18	NCBI Prokaryotic Genome Annotation Pipeline (PGAP)	NCBI RefSeq	2025-05-18		6.10		HGAP v. 4			PRJNA1104369	PRJNA1104369			Klebsiella pneumoniae strain:JXLV-KP16 Genome sequencing	SAMN41075543		strain	JXLV-KP16		PRJNA1104369						2020										Klebsiella pneumoniae		573	Microbe sample from Klebsiella pneumoniae			China:Nanchang	Homo sapiens				Sample name	JXLV-KP16				Secretions	2024-04-24T23:01:12.503		Microbe, viral or environmental		The First Affiliated Hospital of Nanchang University,Nanchang University	Microbe.1.0		2024-04-24T00:00:00.000						live	2024-04-24T22:23:08.015	JXLV-KP16		2024-04-24T22:23:08.017						Complete Genome				ASM3897756v1		GCA_038977565.1				NCBI Prokaryotic Genome Annotation Pipeline (PGAP)				current		2024-05-01	PacBio Sequel	current	The First Affiliated Hospital of Nanchang University,Nanchang University			haploid	5955654	1	5475347		3386739	57	253	4	4		4	1	5475347	4	5955654	5955654	99.07	88.0407	0.25	Klebsiella pneumoniae	species	573	v1.2.3	GCF_038977565.1													JXLV-KP16	Klebsiella pneumoniae		573	SOURCE_DATABASE_REFSEQ					
GCF_038977565.1	99.72	GCA_000788015.1	87.99	type	Klebsiella pneumoniae	91.52	derived_species_match	category_na	OK	na	99.72	GCA_000788015.1	87.99	type	Klebsiella pneumoniae subsp. pneumoniae	91.52	Klebsiella pneumoniae	Klebsiella pneumoniae									122		5704	181	6007	Best-placed reference protein set; GeneMarkS-2+	GCF_038977565.1-RS_2025_05_18	NCBI Prokaryotic Genome Annotation Pipeline (PGAP)	NCBI RefSeq	2025-05-18		6.10		HGAP v. 4			PRJNA1104369	PRJNA1104369			Klebsiella pneumoniae strain:JXLV-KP16 Genome sequencing	SAMN41075543		host	Homo sapiens		PRJNA1104369						2020										Klebsiella pneumoniae		573	Microbe sample from Klebsiella pneumoniae			China:Nanchang	Homo sapiens				Sample name	JXLV-KP16				Secretions	2024-04-24T23:01:12.503		Microbe, viral or environmental		The First Affiliated Hospital of Nanchang University,Nanchang University	Microbe.1.0		2024-04-24T00:00:00.000						live	2024-04-24T22:23:08.015	JXLV-KP16		2024-04-24T22:23:08.017						Complete Genome				ASM3897756v1		GCA_038977565.1				NCBI Prokaryotic Genome Annotation Pipeline (PGAP)				current		2024-05-01	PacBio Sequel	current	The First Affiliated Hospital of Nanchang University,Nanchang University			haploid	5955654	1	5475347		3386739	57	253	4	4		4	1	5475347	4	5955654	5955654	99.07	88.0407	0.25	Klebsiella pneumoniae	species	573	v1.2.3	GCF_038977565.1													JXLV-KP16	Klebsiella pneumoniae		573	SOURCE_DATABASE_REFSEQ					
GCF_038977565.1	99.72	GCA_000788015.1	87.99	type	Klebsiella pneumoniae	91.52	derived_species_match	category_na	OK	na	99.72	GCA_000788015.1	87.99	type	Klebsiella pneumoniae subsp. pneumoniae	91.52	Klebsiella pneumoniae	Klebsiella pneumoniae									122		5704	181	6007	Best-placed reference protein set; GeneMarkS-2+	GCF_038977565.1-RS_2025_05_18	NCBI Prokaryotic Genome Annotation Pipeline (PGAP)	NCBI RefSeq	2025-05-18		6.10		HGAP v. 4			PRJNA1104369	PRJNA1104369			Klebsiella pneumoniae strain:JXLV-KP16 Genome sequencing	SAMN41075543		isolation_source	Secretions		PRJNA1104369						2020										Klebsiella pneumoniae		573	Microbe sample from Klebsiella pneumoniae			China:Nanchang	Homo sapiens				Sample name	JXLV-KP16				Secretions	2024-04-24T23:01:12.503		Microbe, viral or environmental		The First Affiliated Hospital of Nanchang University,Nanchang University	Microbe.1.0		2024-04-24T00:00:00.000						live	2024-04-24T22:23:08.015	JXLV-KP16		2024-04-24T22:23:08.017						Complete Genome				ASM3897756v1		GCA_038977565.1				NCBI Prokaryotic Genome Annotation Pipeline (PGAP)				current		2024-05-01	PacBio Sequel	current	The First Affiliated Hospital of Nanchang University,Nanchang University			haploid	5955654	1	5475347		3386739	57	253	4	4		4	1	5475347	4	5955654	5955654	99.07	88.0407	0.25	Klebsiella pneumoniae	species	573	v1.2.3	GCF_038977565.1													JXLV-KP16	Klebsiella pneumoniae		573	SOURCE_DATABASE_REFSEQ					
GCF_038977565.1	99.72	GCA_000788015.1	87.99	type	Klebsiella pneumoniae	91.52	derived_species_match	category_na	OK	na	99.72	GCA_000788015.1	87.99	type	Klebsiella pneumoniae subsp. pneumoniae	91.52	Klebsiella pneumoniae	Klebsiella pneumoniae									122		5704	181	6007	Best-placed reference protein set; GeneMarkS-2+	GCF_038977565.1-RS_2025_05_18	NCBI Prokaryotic Genome Annotation Pipeline (PGAP)	NCBI RefSeq	2025-05-18		6.10		HGAP v. 4			PRJNA1104369	PRJNA1104369			Klebsiella pneumoniae strain:JXLV-KP16 Genome sequencing	SAMN41075543		collection_date	2020		PRJNA1104369						2020										Klebsiella pneumoniae		573	Microbe sample from Klebsiella pneumoniae			China:Nanchang	Homo sapiens				Sample name	JXLV-KP16				Secretions	2024-04-24T23:01:12.503		Microbe, viral or environmental		The First Affiliated Hospital of Nanchang University,Nanchang University	Microbe.1.0		2024-04-24T00:00:00.000						live	2024-04-24T22:23:08.015	JXLV-KP16		2024-04-24T22:23:08.017						Complete Genome				ASM3897756v1		GCA_038977565.1				NCBI Prokaryotic Genome Annotation Pipeline (PGAP)				current		2024-05-01	PacBio Sequel	current	The First Affiliated Hospital of Nanchang University,Nanchang University			haploid	5955654	1	5475347		3386739	57	253	4	4		4	1	5475347	4	5955654	5955654	99.07	88.0407	0.25	Klebsiella pneumoniae	species	573	v1.2.3	GCF_038977565.1													JXLV-KP16	Klebsiella pneumoniae		573	SOURCE_DATABASE_REFSEQ					
GCF_038977565.1	99.72	GCA_000788015.1	87.99	type	Klebsiella pneumoniae	91.52	derived_species_match	category_na	OK	na	99.72	GCA_000788015.1	87.99	type	Klebsiella pneumoniae subsp. pneumoniae	91.52	Klebsiella pneumoniae	Klebsiella pneumoniae									122		5704	181	6007	Best-placed reference protein set; GeneMarkS-2+	GCF_038977565.1-RS_2025_05_18	NCBI Prokaryotic Genome Annotation Pipeline (PGAP)	NCBI RefSeq	2025-05-18		6.10		HGAP v. 4			PRJNA1104369	PRJNA1104369			Klebsiella pneumoniae strain:JXLV-KP16 Genome sequencing	SAMN41075543		geo_loc_name	China:Nanchang		PRJNA1104369						2020										Klebsiella pneumoniae		573	Microbe sample from Klebsiella pneumoniae			China:Nanchang	Homo sapiens				Sample name	JXLV-KP16				Secretions	2024-04-24T23:01:12.503		Microbe, viral or environmental		The First Affiliated Hospital of Nanchang University,Nanchang University	Microbe.1.0		2024-04-24T00:00:00.000						live	2024-04-24T22:23:08.015	JXLV-KP16		2024-04-24T22:23:08.017						Complete Genome				ASM3897756v1		GCA_038977565.1				NCBI Prokaryotic Genome Annotation Pipeline (PGAP)				current		2024-05-01	PacBio Sequel	current	The First Affiliated Hospital of Nanchang University,Nanchang University			haploid	5955654	1	5475347		3386739	57	253	4	4		4	1	5475347	4	5955654	5955654	99.07	88.0407	0.25	Klebsiella pneumoniae	species	573	v1.2.3	GCF_038977565.1													JXLV-KP16	Klebsiella pneumoniae		573	SOURCE_DATABASE_REFSEQ					
GCF_038977565.1	99.72	GCA_000788015.1	87.99	type	Klebsiella pneumoniae	91.52	derived_species_match	category_na	OK	na	99.72	GCA_000788015.1	87.99	type	Klebsiella pneumoniae subsp. pneumoniae	91.52	Klebsiella pneumoniae	Klebsiella pneumoniae									122		5704	181	6007	Best-placed reference protein set; GeneMarkS-2+	GCF_038977565.1-RS_2025_05_18	NCBI Prokaryotic Genome Annotation Pipeline (PGAP)	NCBI RefSeq	2025-05-18		6.10		HGAP v. 4			PRJNA1104369	PRJNA1104369			Klebsiella pneumoniae strain:JXLV-KP16 Genome sequencing	SAMN41075543		sample_type	whole organism		PRJNA1104369						2020										Klebsiella pneumoniae		573	Microbe sample from Klebsiella pneumoniae			China:Nanchang	Homo sapiens				Sample name	JXLV-KP16				Secretions	2024-04-24T23:01:12.503		Microbe, viral or environmental		The First Affiliated Hospital of Nanchang University,Nanchang University	Microbe.1.0		2024-04-24T00:00:00.000						live	2024-04-24T22:23:08.015	JXLV-KP16		2024-04-24T22:23:08.017						Complete Genome				ASM3897756v1		GCA_038977565.1				NCBI Prokaryotic Genome Annotation Pipeline (PGAP)				current		2024-05-01	PacBio Sequel	current	The First Affiliated Hospital of Nanchang University,Nanchang University			haploid	5955654	1	5475347		3386739	57	253	4	4		4	1	5475347	4	5955654	5955654	99.07	88.0407	0.25	Klebsiella pneumoniae	species	573	v1.2.3	GCF_038977565.1													JXLV-KP16	Klebsiella pneumoniae		573	SOURCE_DATABASE_REFSEQ					
GCF_038979805.1	99.71	GCA_000788015.1	88.7	type	Klebsiella pneumoniae	91.63	derived_species_match	category_na	OK	na	99.71	GCA_000788015.1	88.7	type	Klebsiella pneumoniae subsp. pneumoniae	91.63	Klebsiella pneumoniae	Klebsiella pneumoniae									122		5673	163	5958	Best-placed reference protein set; GeneMarkS-2+	GCF_038979805.1-RS_2025_05_18	NCBI Prokaryotic Genome Annotation Pipeline (PGAP)	NCBI RefSeq	2025-05-18		6.10		canu v. 1.8			PRJNA1104370	PRJNA1104370			Klebsiella pneumoniae strain:JXLV-KP19 Genome sequencing	SAMN41075591		strain	JXLV-KP19		PRJNA1104370						2020										Klebsiella pneumoniae		573	Microbe sample from Klebsiella pneumoniae			China:Nanchang	Homo sapiens				Sample name	JXLV-KP19				blood	2024-04-24T23:01:14.463		Microbe, viral or environmental		The First Affiliated Hospital of Nanchang University,Nanchang University	Microbe.1.0		2024-04-24T00:00:00.000						live	2024-04-24T22:34:04.294	JXLV-KP19		2024-04-24T22:34:04.293						Complete Genome				ASM3897980v1		GCA_038979805.1				NCBI Prokaryotic Genome Annotation Pipeline (PGAP)				current		2024-05-01	PacBio Sequel2 hifi	current	The First Affiliated Hospital of Nanchang University,Nanchang University			haploid	5915288	1	5475610		3370195	57	25	6	6		6	1	5475610	6	5915288	5915288	99.07	88.0407	0.43	Klebsiella pneumoniae	species	573	v1.2.3	GCF_038979805.1													JXLV-KP19	Klebsiella pneumoniae		573	SOURCE_DATABASE_REFSEQ					
GCF_038979805.1	99.71	GCA_000788015.1	88.7	type	Klebsiella pneumoniae	91.63	derived_species_match	category_na	OK	na	99.71	GCA_000788015.1	88.7	type	Klebsiella pneumoniae subsp. pneumoniae	91.63	Klebsiella pneumoniae	Klebsiella pneumoniae									122		5673	163	5958	Best-placed reference protein set; GeneMarkS-2+	GCF_038979805.1-RS_2025_05_18	NCBI Prokaryotic Genome Annotation Pipeline (PGAP)	NCBI RefSeq	2025-05-18		6.10		canu v. 1.8			PRJNA1104370	PRJNA1104370			Klebsiella pneumoniae strain:JXLV-KP19 Genome sequencing	SAMN41075591		host	Homo sapiens		PRJNA1104370						2020										Klebsiella pneumoniae		573	Microbe sample from Klebsiella pneumoniae			China:Nanchang	Homo sapiens				Sample name	JXLV-KP19				blood	2024-04-24T23:01:14.463		Microbe, viral or environmental		The First Affiliated Hospital of Nanchang University,Nanchang University	Microbe.1.0		2024-04-24T00:00:00.000						live	2024-04-24T22:34:04.294	JXLV-KP19		2024-04-24T22:34:04.293						Complete Genome				ASM3897980v1		GCA_038979805.1				NCBI Prokaryotic Genome Annotation Pipeline (PGAP)				current		2024-05-01	PacBio Sequel2 hifi	current	The First Affiliated Hospital of Nanchang University,Nanchang University			haploid	5915288	1	5475610		3370195	57	25	6	6		6	1	5475610	6	5915288	5915288	99.07	88.0407	0.43	Klebsiella pneumoniae	species	573	v1.2.3	GCF_038979805.1													JXLV-KP19	Klebsiella pneumoniae		573	SOURCE_DATABASE_REFSEQ					
GCF_038979805.1	99.71	GCA_000788015.1	88.7	type	Klebsiella pneumoniae	91.63	derived_species_match	category_na	OK	na	99.71	GCA_000788015.1	88.7	type	Klebsiella pneumoniae subsp. pneumoniae	91.63	Klebsiella pneumoniae	Klebsiella pneumoniae									122		5673	163	5958	Best-placed reference protein set; GeneMarkS-2+	GCF_038979805.1-RS_2025_05_18	NCBI Prokaryotic Genome Annotation Pipeline (PGAP)	NCBI RefSeq	2025-05-18		6.10		canu v. 1.8			PRJNA1104370	PRJNA1104370			Klebsiella pneumoniae strain:JXLV-KP19 Genome sequencing	SAMN41075591		isolation_source	blood		PRJNA1104370						2020										Klebsiella pneumoniae		573	Microbe sample from Klebsiella pneumoniae			China:Nanchang	Homo sapiens				Sample name	JXLV-KP19				blood	2024-04-24T23:01:14.463		Microbe, viral or environmental		The First Affiliated Hospital of Nanchang University,Nanchang University	Microbe.1.0		2024-04-24T00:00:00.000						live	2024-04-24T22:34:04.294	JXLV-KP19		2024-04-24T22:34:04.293						Complete Genome				ASM3897980v1		GCA_038979805.1				NCBI Prokaryotic Genome Annotation Pipeline (PGAP)				current		2024-05-01	PacBio Sequel2 hifi	current	The First Affiliated Hospital of Nanchang University,Nanchang University			haploid	5915288	1	5475610		3370195	57	25	6	6		6	1	5475610	6	5915288	5915288	99.07	88.0407	0.43	Klebsiella pneumoniae	species	573	v1.2.3	GCF_038979805.1													JXLV-KP19	Klebsiella pneumoniae		573	SOURCE_DATABASE_REFSEQ					
GCF_038979805.1	99.71	GCA_000788015.1	88.7	type	Klebsiella pneumoniae	91.63	derived_species_match	category_na	OK	na	99.71	GCA_000788015.1	88.7	type	Klebsiella pneumoniae subsp. pneumoniae	91.63	Klebsiella pneumoniae	Klebsiella pneumoniae									122		5673	163	5958	Best-placed reference protein set; GeneMarkS-2+	GCF_038979805.1-RS_2025_05_18	NCBI Prokaryotic Genome Annotation Pipeline (PGAP)	NCBI RefSeq	2025-05-18		6.10		canu v. 1.8			PRJNA1104370	PRJNA1104370			Klebsiella pneumoniae strain:JXLV-KP19 Genome sequencing	SAMN41075591		collection_date	2020		PRJNA1104370						2020										Klebsiella pneumoniae		573	Microbe sample from Klebsiella pneumoniae			China:Nanchang	Homo sapiens				Sample name	JXLV-KP19				blood	2024-04-24T23:01:14.463		Microbe, viral or environmental		The First Affiliated Hospital of Nanchang University,Nanchang University	Microbe.1.0		2024-04-24T00:00:00.000						live	2024-04-24T22:34:04.294	JXLV-KP19		2024-04-24T22:34:04.293						Complete Genome				ASM3897980v1		GCA_038979805.1				NCBI Prokaryotic Genome Annotation Pipeline (PGAP)				current		2024-05-01	PacBio Sequel2 hifi	current	The First Affiliated Hospital of Nanchang University,Nanchang University			haploid	5915288	1	5475610		3370195	57	25	6	6		6	1	5475610	6	5915288	5915288	99.07	88.0407	0.43	Klebsiella pneumoniae	species	573	v1.2.3	GCF_038979805.1													JXLV-KP19	Klebsiella pneumoniae		573	SOURCE_DATABASE_REFSEQ					
GCF_038979805.1	99.71	GCA_000788015.1	88.7	type	Klebsiella pneumoniae	91.63	derived_species_match	category_na	OK	na	99.71	GCA_000788015.1	88.7	type	Klebsiella pneumoniae subsp. pneumoniae	91.63	Klebsiella pneumoniae	Klebsiella pneumoniae									122		5673	163	5958	Best-placed reference protein set; GeneMarkS-2+	GCF_038979805.1-RS_2025_05_18	NCBI Prokaryotic Genome Annotation Pipeline (PGAP)	NCBI RefSeq	2025-05-18		6.10		canu v. 1.8			PRJNA1104370	PRJNA1104370			Klebsiella pneumoniae strain:JXLV-KP19 Genome sequencing	SAMN41075591		geo_loc_name	China:Nanchang		PRJNA1104370						2020										Klebsiella pneumoniae		573	Microbe sample from Klebsiella pneumoniae			China:Nanchang	Homo sapiens				Sample name	JXLV-KP19				blood	2024-04-24T23:01:14.463		Microbe, viral or environmental		The First Affiliated Hospital of Nanchang University,Nanchang University	Microbe.1.0		2024-04-24T00:00:00.000						live	2024-04-24T22:34:04.294	JXLV-KP19		2024-04-24T22:34:04.293						Complete Genome				ASM3897980v1		GCA_038979805.1				NCBI Prokaryotic Genome Annotation Pipeline (PGAP)				current		2024-05-01	PacBio Sequel2 hifi	current	The First Affiliated Hospital of Nanchang University,Nanchang University			haploid	5915288	1	5475610		3370195	57	25	6	6		6	1	5475610	6	5915288	5915288	99.07	88.0407	0.43	Klebsiella pneumoniae	species	573	v1.2.3	GCF_038979805.1													JXLV-KP19	Klebsiella pneumoniae		573	SOURCE_DATABASE_REFSEQ					
GCF_038979805.1	99.71	GCA_000788015.1	88.7	type	Klebsiella pneumoniae	91.63	derived_species_match	category_na	OK	na	99.71	GCA_000788015.1	88.7	type	Klebsiella pneumoniae subsp. pneumoniae	91.63	Klebsiella pneumoniae	Klebsiella pneumoniae									122		5673	163	5958	Best-placed reference protein set; GeneMarkS-2+	GCF_038979805.1-RS_2025_05_18	NCBI Prokaryotic Genome Annotation Pipeline (PGAP)	NCBI RefSeq	2025-05-18		6.10		canu v. 1.8			PRJNA1104370	PRJNA1104370			Klebsiella pneumoniae strain:JXLV-KP19 Genome sequencing	SAMN41075591		sample_type	whole organism		PRJNA1104370						2020										Klebsiella pneumoniae		573	Microbe sample from Klebsiella pneumoniae			China:Nanchang	Homo sapiens				Sample name	JXLV-KP19				blood	2024-04-24T23:01:14.463		Microbe, viral or environmental		The First Affiliated Hospital of Nanchang University,Nanchang University	Microbe.1.0		2024-04-24T00:00:00.000						live	2024-04-24T22:34:04.294	JXLV-KP19		2024-04-24T22:34:04.293						Complete Genome				ASM3897980v1		GCA_038979805.1				NCBI Prokaryotic Genome Annotation Pipeline (PGAP)				current		2024-05-01	PacBio Sequel2 hifi	current	The First Affiliated Hospital of Nanchang University,Nanchang University			haploid	5915288	1	5475610		3370195	57	25	6	6		6	1	5475610	6	5915288	5915288	99.07	88.0407	0.43	Klebsiella pneumoniae	species	573	v1.2.3	GCF_038979805.1													JXLV-KP19	Klebsiella pneumoniae		573	SOURCE_DATABASE_REFSEQ					
GCF_038981815.1	99.72	GCA_000788015.1	88.82	type	Klebsiella pneumoniae	91.48	derived_species_match	category_na	OK	na	99.72	GCA_000788015.1	88.82	type	Klebsiella pneumoniae subsp. pneumoniae	91.48	Klebsiella pneumoniae	Klebsiella pneumoniae									122		5647	166	5935	Best-placed reference protein set; GeneMarkS-2+	GCF_038981815.1-RS_2025_05_18	NCBI Prokaryotic Genome Annotation Pipeline (PGAP)	NCBI RefSeq	2025-05-18		6.10		HGAP v. 4			PRJNA1104368	PRJNA1104368			Klebsiella pneumoniae strain:JXHV-KP12 Genome sequencing	SAMN41075473		strain	JXHV-KP12		PRJNA1104368						2020										Klebsiella pneumoniae		573	Microbe sample from Klebsiella pneumoniae			China:Nanchang	Homo sapiens				Sample name	JXHV-KP12				sputum	2024-04-24T23:01:10.317		Microbe, viral or environmental		The First Affiliated Hospital of Nanchang University,Nanchang University	Microbe.1.0		2024-04-24T00:00:00.000						live	2024-04-24T22:12:04.199	JXHV-KP12		2024-04-24T22:12:04.200						Complete Genome				ASM3898181v1		GCA_038981815.1				NCBI Prokaryotic Genome Annotation Pipeline (PGAP)				current		2024-05-01	PacBio Sequel	current	The First Affiliated Hospital of Nanchang University,Nanchang University			haploid	5897731	1	5475618		3360680	57	336	4	4		4	1	5475618	4	5897731	5897731	98.94	74.0085	0.43	Klebsiella pneumoniae	species	573	v1.2.3	GCF_038981815.1													JXHV-KP12	Klebsiella pneumoniae		573	SOURCE_DATABASE_REFSEQ					
GCF_038981815.1	99.72	GCA_000788015.1	88.82	type	Klebsiella pneumoniae	91.48	derived_species_match	category_na	OK	na	99.72	GCA_000788015.1	88.82	type	Klebsiella pneumoniae subsp. pneumoniae	91.48	Klebsiella pneumoniae	Klebsiella pneumoniae									122		5647	166	5935	Best-placed reference protein set; GeneMarkS-2+	GCF_038981815.1-RS_2025_05_18	NCBI Prokaryotic Genome Annotation Pipeline (PGAP)	NCBI RefSeq	2025-05-18		6.10		HGAP v. 4			PRJNA1104368	PRJNA1104368			Klebsiella pneumoniae strain:JXHV-KP12 Genome sequencing	SAMN41075473		host	Homo sapiens		PRJNA1104368						2020										Klebsiella pneumoniae		573	Microbe sample from Klebsiella pneumoniae			China:Nanchang	Homo sapiens				Sample name	JXHV-KP12				sputum	2024-04-24T23:01:10.317		Microbe, viral or environmental		The First Affiliated Hospital of Nanchang University,Nanchang University	Microbe.1.0		2024-04-24T00:00:00.000						live	2024-04-24T22:12:04.199	JXHV-KP12		2024-04-24T22:12:04.200						Complete Genome				ASM3898181v1		GCA_038981815.1				NCBI Prokaryotic Genome Annotation Pipeline (PGAP)				current		2024-05-01	PacBio Sequel	current	The First Affiliated Hospital of Nanchang University,Nanchang University			haploid	5897731	1	5475618		3360680	57	336	4	4		4	1	5475618	4	5897731	5897731	98.94	74.0085	0.43	Klebsiella pneumoniae	species	573	v1.2.3	GCF_038981815.1													JXHV-KP12	Klebsiella pneumoniae		573	SOURCE_DATABASE_REFSEQ					
GCF_038981815.1	99.72	GCA_000788015.1	88.82	type	Klebsiella pneumoniae	91.48	derived_species_match	category_na	OK	na	99.72	GCA_000788015.1	88.82	type	Klebsiella pneumoniae subsp. pneumoniae	91.48	Klebsiella pneumoniae	Klebsiella pneumoniae									122		5647	166	5935	Best-placed reference protein set; GeneMarkS-2+	GCF_038981815.1-RS_2025_05_18	NCBI Prokaryotic Genome Annotation Pipeline (PGAP)	NCBI RefSeq	2025-05-18		6.10		HGAP v. 4			PRJNA1104368	PRJNA1104368			Klebsiella pneumoniae strain:JXHV-KP12 Genome sequencing	SAMN41075473		isolation_source	sputum		PRJNA1104368						2020										Klebsiella pneumoniae		573	Microbe sample from Klebsiella pneumoniae			China:Nanchang	Homo sapiens				Sample name	JXHV-KP12				sputum	2024-04-24T23:01:10.317		Microbe, viral or environmental		The First Affiliated Hospital of Nanchang University,Nanchang University	Microbe.1.0		2024-04-24T00:00:00.000						live	2024-04-24T22:12:04.199	JXHV-KP12		2024-04-24T22:12:04.200						Complete Genome				ASM3898181v1		GCA_038981815.1				NCBI Prokaryotic Genome Annotation Pipeline (PGAP)				current		2024-05-01	PacBio Sequel	current	The First Affiliated Hospital of Nanchang University,Nanchang University			haploid	5897731	1	5475618		3360680	57	336	4	4		4	1	5475618	4	5897731	5897731	98.94	74.0085	0.43	Klebsiella pneumoniae	species	573	v1.2.3	GCF_038981815.1													JXHV-KP12	Klebsiella pneumoniae		573	SOURCE_DATABASE_REFSEQ					
GCF_038981815.1	99.72	GCA_000788015.1	88.82	type	Klebsiella pneumoniae	91.48	derived_species_match	category_na	OK	na	99.72	GCA_000788015.1	88.82	type	Klebsiella pneumoniae subsp. pneumoniae	91.48	Klebsiella pneumoniae	Klebsiella pneumoniae									122		5647	166	5935	Best-placed reference protein set; GeneMarkS-2+	GCF_038981815.1-RS_2025_05_18	NCBI Prokaryotic Genome Annotation Pipeline (PGAP)	NCBI RefSeq	2025-05-18		6.10		HGAP v. 4			PRJNA1104368	PRJNA1104368			Klebsiella pneumoniae strain:JXHV-KP12 Genome sequencing	SAMN41075473		collection_date	2020		PRJNA1104368						2020										Klebsiella pneumoniae		573	Microbe sample from Klebsiella pneumoniae			China:Nanchang	Homo sapiens				Sample name	JXHV-KP12				sputum	2024-04-24T23:01:10.317		Microbe, viral or environmental		The First Affiliated Hospital of Nanchang University,Nanchang University	Microbe.1.0		2024-04-24T00:00:00.000						live	2024-04-24T22:12:04.199	JXHV-KP12		2024-04-24T22:12:04.200						Complete Genome				ASM3898181v1		GCA_038981815.1				NCBI Prokaryotic Genome Annotation Pipeline (PGAP)				current		2024-05-01	PacBio Sequel	current	The First Affiliated Hospital of Nanchang University,Nanchang University			haploid	5897731	1	5475618		3360680	57	336	4	4		4	1	5475618	4	5897731	5897731	98.94	74.0085	0.43	Klebsiella pneumoniae	species	573	v1.2.3	GCF_038981815.1													JXHV-KP12	Klebsiella pneumoniae		573	SOURCE_DATABASE_REFSEQ					
GCF_038981815.1	99.72	GCA_000788015.1	88.82	type	Klebsiella pneumoniae	91.48	derived_species_match	category_na	OK	na	99.72	GCA_000788015.1	88.82	type	Klebsiella pneumoniae subsp. pneumoniae	91.48	Klebsiella pneumoniae	Klebsiella pneumoniae									122		5647	166	5935	Best-placed reference protein set; GeneMarkS-2+	GCF_038981815.1-RS_2025_05_18	NCBI Prokaryotic Genome Annotation Pipeline (PGAP)	NCBI RefSeq	2025-05-18		6.10		HGAP v. 4			PRJNA1104368	PRJNA1104368			Klebsiella pneumoniae strain:JXHV-KP12 Genome sequencing	SAMN41075473		geo_loc_name	China:Nanchang		PRJNA1104368						2020										Klebsiella pneumoniae		573	Microbe sample from Klebsiella pneumoniae			China:Nanchang	Homo sapiens				Sample name	JXHV-KP12				sputum	2024-04-24T23:01:10.317		Microbe, viral or environmental		The First Affiliated Hospital of Nanchang University,Nanchang University	Microbe.1.0		2024-04-24T00:00:00.000						live	2024-04-24T22:12:04.199	JXHV-KP12		2024-04-24T22:12:04.200						Complete Genome				ASM3898181v1		GCA_038981815.1				NCBI Prokaryotic Genome Annotation Pipeline (PGAP)				current		2024-05-01	PacBio Sequel	current	The First Affiliated Hospital of Nanchang University,Nanchang University			haploid	5897731	1	5475618		3360680	57	336	4	4		4	1	5475618	4	5897731	5897731	98.94	74.0085	0.43	Klebsiella pneumoniae	species	573	v1.2.3	GCF_038981815.1													JXHV-KP12	Klebsiella pneumoniae		573	SOURCE_DATABASE_REFSEQ					
GCF_038981815.1	99.72	GCA_000788015.1	88.82	type	Klebsiella pneumoniae	91.48	derived_species_match	category_na	OK	na	99.72	GCA_000788015.1	88.82	type	Klebsiella pneumoniae subsp. pneumoniae	91.48	Klebsiella pneumoniae	Klebsiella pneumoniae									122		5647	166	5935	Best-placed reference protein set; GeneMarkS-2+	GCF_038981815.1-RS_2025_05_18	NCBI Prokaryotic Genome Annotation Pipeline (PGAP)	NCBI RefSeq	2025-05-18		6.10		HGAP v. 4			PRJNA1104368	PRJNA1104368			Klebsiella pneumoniae strain:JXHV-KP12 Genome sequencing	SAMN41075473		sample_type	whole organism		PRJNA1104368						2020										Klebsiella pneumoniae		573	Microbe sample from Klebsiella pneumoniae			China:Nanchang	Homo sapiens				Sample name	JXHV-KP12				sputum	2024-04-24T23:01:10.317		Microbe, viral or environmental		The First Affiliated Hospital of Nanchang University,Nanchang University	Microbe.1.0		2024-04-24T00:00:00.000						live	2024-04-24T22:12:04.199	JXHV-KP12		2024-04-24T22:12:04.200						Complete Genome				ASM3898181v1		GCA_038981815.1				NCBI Prokaryotic Genome Annotation Pipeline (PGAP)				current		2024-05-01	PacBio Sequel	current	The First Affiliated Hospital of Nanchang University,Nanchang University			haploid	5897731	1	5475618		3360680	57	336	4	4		4	1	5475618	4	5897731	5897731	98.94	74.0085	0.43	Klebsiella pneumoniae	species	573	v1.2.3	GCF_038981815.1													JXHV-KP12	Klebsiella pneumoniae		573	SOURCE_DATABASE_REFSEQ					
GCF_039515315.1	99.69	GCA_000788015.1	88.78	type	Klebsiella pneumoniae	92.36	derived_species_match	category_na	OK	na	99.69	GCA_000788015.1	88.78	type	Klebsiella pneumoniae subsp. pneumoniae	92.36	Klebsiella pneumoniae	Klebsiella pneumoniae									124		5736	192	6052	Best-placed reference protein set; GeneMarkS-2+	GCF_039515315.1-RS_2025_05_22	NCBI Prokaryotic Genome Annotation Pipeline (PGAP)	NCBI RefSeq	2025-05-22		6.10		HGAP v. 4			PRJNA1105646	PRJNA1105646			Klebsiella pneumoniae strain:Kp387 Genome sequencing	SAMN41106963		strain	Kp387		PRJNA1105646						2021										Klebsiella pneumoniae		573	Microbe sample from Klebsiella pneumoniae			China:Nanchang	Homo sapiens				Sample name	Kp387				sputum	2024-04-28T21:01:05.487		Microbe, viral or environmental		First Affiliated Hospital of Nanchang University, Nanchang University, Nanchang	Microbe.1.0		2024-04-28T00:00:00.000						live	2024-04-28T20:06:03.937	Kp387		2024-04-28T20:06:03.937						Complete Genome				ASM3951531v1		GCA_039515315.1				NCBI Prokaryotic Genome Annotation Pipeline (PGAP)				current		2024-05-06	PacBio Sequel	current	First Affiliated Hospital of Nanchang University, Nanchang University, Nanchang			haploid	5956667	1	5483796		3389181	57	375	5	5		5	1	5483796	5	5956667	5956667	98.97	77.5333	0.43	Klebsiella pneumoniae	species	573	v1.2.3	GCF_039515315.1													Kp387	Klebsiella pneumoniae		573	SOURCE_DATABASE_REFSEQ					
GCF_039515315.1	99.69	GCA_000788015.1	88.78	type	Klebsiella pneumoniae	92.36	derived_species_match	category_na	OK	na	99.69	GCA_000788015.1	88.78	type	Klebsiella pneumoniae subsp. pneumoniae	92.36	Klebsiella pneumoniae	Klebsiella pneumoniae									124		5736	192	6052	Best-placed reference protein set; GeneMarkS-2+	GCF_039515315.1-RS_2025_05_22	NCBI Prokaryotic Genome Annotation Pipeline (PGAP)	NCBI RefSeq	2025-05-22		6.10		HGAP v. 4			PRJNA1105646	PRJNA1105646			Klebsiella pneumoniae strain:Kp387 Genome sequencing	SAMN41106963		host	Homo sapiens		PRJNA1105646						2021										Klebsiella pneumoniae		573	Microbe sample from Klebsiella pneumoniae			China:Nanchang	Homo sapiens				Sample name	Kp387				sputum	2024-04-28T21:01:05.487		Microbe, viral or environmental		First Affiliated Hospital of Nanchang University, Nanchang University, Nanchang	Microbe.1.0		2024-04-28T00:00:00.000						live	2024-04-28T20:06:03.937	Kp387		2024-04-28T20:06:03.937						Complete Genome				ASM3951531v1		GCA_039515315.1				NCBI Prokaryotic Genome Annotation Pipeline (PGAP)				current		2024-05-06	PacBio Sequel	current	First Affiliated Hospital of Nanchang University, Nanchang University, Nanchang			haploid	5956667	1	5483796		3389181	57	375	5	5		5	1	5483796	5	5956667	5956667	98.97	77.5333	0.43	Klebsiella pneumoniae	species	573	v1.2.3	GCF_039515315.1													Kp387	Klebsiella pneumoniae		573	SOURCE_DATABASE_REFSEQ					
GCF_039515315.1	99.69	GCA_000788015.1	88.78	type	Klebsiella pneumoniae	92.36	derived_species_match	category_na	OK	na	99.69	GCA_000788015.1	88.78	type	Klebsiella pneumoniae subsp. pneumoniae	92.36	Klebsiella pneumoniae	Klebsiella pneumoniae									124		5736	192	6052	Best-placed reference protein set; GeneMarkS-2+	GCF_039515315.1-RS_2025_05_22	NCBI Prokaryotic Genome Annotation Pipeline (PGAP)	NCBI RefSeq	2025-05-22		6.10		HGAP v. 4			PRJNA1105646	PRJNA1105646			Klebsiella pneumoniae strain:Kp387 Genome sequencing	SAMN41106963		isolation_source	sputum		PRJNA1105646						2021										Klebsiella pneumoniae		573	Microbe sample from Klebsiella pneumoniae			China:Nanchang	Homo sapiens				Sample name	Kp387				sputum	2024-04-28T21:01:05.487		Microbe, viral or environmental		First Affiliated Hospital of Nanchang University, Nanchang University, Nanchang	Microbe.1.0		2024-04-28T00:00:00.000						live	2024-04-28T20:06:03.937	Kp387		2024-04-28T20:06:03.937						Complete Genome				ASM3951531v1		GCA_039515315.1				NCBI Prokaryotic Genome Annotation Pipeline (PGAP)				current		2024-05-06	PacBio Sequel	current	First Affiliated Hospital of Nanchang University, Nanchang University, Nanchang			haploid	5956667	1	5483796		3389181	57	375	5	5		5	1	5483796	5	5956667	5956667	98.97	77.5333	0.43	Klebsiella pneumoniae	species	573	v1.2.3	GCF_039515315.1													Kp387	Klebsiella pneumoniae		573	SOURCE_DATABASE_REFSEQ					
GCF_039515315.1	99.69	GCA_000788015.1	88.78	type	Klebsiella pneumoniae	92.36	derived_species_match	category_na	OK	na	99.69	GCA_000788015.1	88.78	type	Klebsiella pneumoniae subsp. pneumoniae	92.36	Klebsiella pneumoniae	Klebsiella pneumoniae									124		5736	192	6052	Best-placed reference protein set; GeneMarkS-2+	GCF_039515315.1-RS_2025_05_22	NCBI Prokaryotic Genome Annotation Pipeline (PGAP)	NCBI RefSeq	2025-05-22		6.10		HGAP v. 4			PRJNA1105646	PRJNA1105646			Klebsiella pneumoniae strain:Kp387 Genome sequencing	SAMN41106963		collection_date	2021		PRJNA1105646						2021										Klebsiella pneumoniae		573	Microbe sample from Klebsiella pneumoniae			China:Nanchang	Homo sapiens				Sample name	Kp387				sputum	2024-04-28T21:01:05.487		Microbe, viral or environmental		First Affiliated Hospital of Nanchang University, Nanchang University, Nanchang	Microbe.1.0		2024-04-28T00:00:00.000						live	2024-04-28T20:06:03.937	Kp387		2024-04-28T20:06:03.937						Complete Genome				ASM3951531v1		GCA_039515315.1				NCBI Prokaryotic Genome Annotation Pipeline (PGAP)				current		2024-05-06	PacBio Sequel	current	First Affiliated Hospital of Nanchang University, Nanchang University, Nanchang			haploid	5956667	1	5483796		3389181	57	375	5	5		5	1	5483796	5	5956667	5956667	98.97	77.5333	0.43	Klebsiella pneumoniae	species	573	v1.2.3	GCF_039515315.1													Kp387	Klebsiella pneumoniae		573	SOURCE_DATABASE_REFSEQ					
GCF_039515315.1	99.69	GCA_000788015.1	88.78	type	Klebsiella pneumoniae	92.36	derived_species_match	category_na	OK	na	99.69	GCA_000788015.1	88.78	type	Klebsiella pneumoniae subsp. pneumoniae	92.36	Klebsiella pneumoniae	Klebsiella pneumoniae									124		5736	192	6052	Best-placed reference protein set; GeneMarkS-2+	GCF_039515315.1-RS_2025_05_22	NCBI Prokaryotic Genome Annotation Pipeline (PGAP)	NCBI RefSeq	2025-05-22		6.10		HGAP v. 4			PRJNA1105646	PRJNA1105646			Klebsiella pneumoniae strain:Kp387 Genome sequencing	SAMN41106963		geo_loc_name	China:Nanchang		PRJNA1105646						2021										Klebsiella pneumoniae		573	Microbe sample from Klebsiella pneumoniae			China:Nanchang	Homo sapiens				Sample name	Kp387				sputum	2024-04-28T21:01:05.487		Microbe, viral or environmental		First Affiliated Hospital of Nanchang University, Nanchang University, Nanchang	Microbe.1.0		2024-04-28T00:00:00.000						live	2024-04-28T20:06:03.937	Kp387		2024-04-28T20:06:03.937						Complete Genome				ASM3951531v1		GCA_039515315.1				NCBI Prokaryotic Genome Annotation Pipeline (PGAP)				current		2024-05-06	PacBio Sequel	current	First Affiliated Hospital of Nanchang University, Nanchang University, Nanchang			haploid	5956667	1	5483796		3389181	57	375	5	5		5	1	5483796	5	5956667	5956667	98.97	77.5333	0.43	Klebsiella pneumoniae	species	573	v1.2.3	GCF_039515315.1													Kp387	Klebsiella pneumoniae		573	SOURCE_DATABASE_REFSEQ					
GCF_039515315.1	99.69	GCA_000788015.1	88.78	type	Klebsiella pneumoniae	92.36	derived_species_match	category_na	OK	na	99.69	GCA_000788015.1	88.78	type	Klebsiella pneumoniae subsp. pneumoniae	92.36	Klebsiella pneumoniae	Klebsiella pneumoniae									124		5736	192	6052	Best-placed reference protein set; GeneMarkS-2+	GCF_039515315.1-RS_2025_05_22	NCBI Prokaryotic Genome Annotation Pipeline (PGAP)	NCBI RefSeq	2025-05-22		6.10		HGAP v. 4			PRJNA1105646	PRJNA1105646			Klebsiella pneumoniae strain:Kp387 Genome sequencing	SAMN41106963		sample_type	whole organism		PRJNA1105646						2021										Klebsiella pneumoniae		573	Microbe sample from Klebsiella pneumoniae			China:Nanchang	Homo sapiens				Sample name	Kp387				sputum	2024-04-28T21:01:05.487		Microbe, viral or environmental		First Affiliated Hospital of Nanchang University, Nanchang University, Nanchang	Microbe.1.0		2024-04-28T00:00:00.000						live	2024-04-28T20:06:03.937	Kp387		2024-04-28T20:06:03.937						Complete Genome				ASM3951531v1		GCA_039515315.1				NCBI Prokaryotic Genome Annotation Pipeline (PGAP)				current		2024-05-06	PacBio Sequel	current	First Affiliated Hospital of Nanchang University, Nanchang University, Nanchang			haploid	5956667	1	5483796		3389181	57	375	5	5		5	1	5483796	5	5956667	5956667	98.97	77.5333	0.43	Klebsiella pneumoniae	species	573	v1.2.3	GCF_039515315.1													Kp387	Klebsiella pneumoniae		573	SOURCE_DATABASE_REFSEQ					
GCF_039515985.1	99.11	GCA_000788015.1	86.7	type	Klebsiella pneumoniae	86.66	derived_species_match	category_na	OK	na	99.11	GCA_000788015.1	86.7	type	Klebsiella pneumoniae subsp. pneumoniae	86.66	Klebsiella pneumoniae	Klebsiella pneumoniae									125		5287	187	5599	Best-placed reference protein set; GeneMarkS-2+	GCF_039515985.1-RS_2025_05_23	NCBI Prokaryotic Genome Annotation Pipeline (PGAP)	NCBI RefSeq	2025-05-23		6.10		HGAP v. 4			PRJNA1105649	PRJNA1105649			Klebsiella pneumoniae strain:Kp459 Genome sequencing	SAMN41106964		strain	Kp459		PRJNA1105649						2021										Klebsiella pneumoniae		573	Microbe sample from Klebsiella pneumoniae			China:Nanchang	Homo sapiens				Sample name	Kp459				blood	2024-04-28T21:01:05.550		Microbe, viral or environmental		First Affiliated Hospital of Nanchang University, Nanchang University, Nanchang	Microbe.1.0		2024-04-28T00:00:00.000						live	2024-04-28T20:13:04.466	Kp459		2024-04-28T20:13:04.467						Complete Genome				ASM3951598v1		GCA_039515985.1				NCBI Prokaryotic Genome Annotation Pipeline (PGAP)				current		2024-05-06	PacBio Sequel	current	First Affiliated Hospital of Nanchang University, Nanchang University, Nanchang			haploid	5723037	1	5420356		3261023	57	288	4	4		4	1	5420356	4	5723037	5723037	98.14	18.1951	0.65	Klebsiella pneumoniae	species	573	v1.2.3	GCF_039515985.1													Kp459	Klebsiella pneumoniae		573	SOURCE_DATABASE_REFSEQ					
GCF_039515985.1	99.11	GCA_000788015.1	86.7	type	Klebsiella pneumoniae	86.66	derived_species_match	category_na	OK	na	99.11	GCA_000788015.1	86.7	type	Klebsiella pneumoniae subsp. pneumoniae	86.66	Klebsiella pneumoniae	Klebsiella pneumoniae									125		5287	187	5599	Best-placed reference protein set; GeneMarkS-2+	GCF_039515985.1-RS_2025_05_23	NCBI Prokaryotic Genome Annotation Pipeline (PGAP)	NCBI RefSeq	2025-05-23		6.10		HGAP v. 4			PRJNA1105649	PRJNA1105649			Klebsiella pneumoniae strain:Kp459 Genome sequencing	SAMN41106964		host	Homo sapiens		PRJNA1105649						2021										Klebsiella pneumoniae		573	Microbe sample from Klebsiella pneumoniae			China:Nanchang	Homo sapiens				Sample name	Kp459				blood	2024-04-28T21:01:05.550		Microbe, viral or environmental		First Affiliated Hospital of Nanchang University, Nanchang University, Nanchang	Microbe.1.0		2024-04-28T00:00:00.000						live	2024-04-28T20:13:04.466	Kp459		2024-04-28T20:13:04.467						Complete Genome				ASM3951598v1		GCA_039515985.1				NCBI Prokaryotic Genome Annotation Pipeline (PGAP)				current		2024-05-06	PacBio Sequel	current	First Affiliated Hospital of Nanchang University, Nanchang University, Nanchang			haploid	5723037	1	5420356		3261023	57	288	4	4		4	1	5420356	4	5723037	5723037	98.14	18.1951	0.65	Klebsiella pneumoniae	species	573	v1.2.3	GCF_039515985.1													Kp459	Klebsiella pneumoniae		573	SOURCE_DATABASE_REFSEQ					
GCF_039515985.1	99.11	GCA_000788015.1	86.7	type	Klebsiella pneumoniae	86.66	derived_species_match	category_na	OK	na	99.11	GCA_000788015.1	86.7	type	Klebsiella pneumoniae subsp. pneumoniae	86.66	Klebsiella pneumoniae	Klebsiella pneumoniae									125		5287	187	5599	Best-placed reference protein set; GeneMarkS-2+	GCF_039515985.1-RS_2025_05_23	NCBI Prokaryotic Genome Annotation Pipeline (PGAP)	NCBI RefSeq	2025-05-23		6.10		HGAP v. 4			PRJNA1105649	PRJNA1105649			Klebsiella pneumoniae strain:Kp459 Genome sequencing	SAMN41106964		isolation_source	blood		PRJNA1105649						2021										Klebsiella pneumoniae		573	Microbe sample from Klebsiella pneumoniae			China:Nanchang	Homo sapiens				Sample name	Kp459				blood	2024-04-28T21:01:05.550		Microbe, viral or environmental		First Affiliated Hospital of Nanchang University, Nanchang University, Nanchang	Microbe.1.0		2024-04-28T00:00:00.000						live	2024-04-28T20:13:04.466	Kp459		2024-04-28T20:13:04.467						Complete Genome				ASM3951598v1		GCA_039515985.1				NCBI Prokaryotic Genome Annotation Pipeline (PGAP)				current		2024-05-06	PacBio Sequel	current	First Affiliated Hospital of Nanchang University, Nanchang University, Nanchang			haploid	5723037	1	5420356		3261023	57	288	4	4		4	1	5420356	4	5723037	5723037	98.14	18.1951	0.65	Klebsiella pneumoniae	species	573	v1.2.3	GCF_039515985.1													Kp459	Klebsiella pneumoniae		573	SOURCE_DATABASE_REFSEQ					
GCF_039515985.1	99.11	GCA_000788015.1	86.7	type	Klebsiella pneumoniae	86.66	derived_species_match	category_na	OK	na	99.11	GCA_000788015.1	86.7	type	Klebsiella pneumoniae subsp. pneumoniae	86.66	Klebsiella pneumoniae	Klebsiella pneumoniae									125		5287	187	5599	Best-placed reference protein set; GeneMarkS-2+	GCF_039515985.1-RS_2025_05_23	NCBI Prokaryotic Genome Annotation Pipeline (PGAP)	NCBI RefSeq	2025-05-23		6.10		HGAP v. 4			PRJNA1105649	PRJNA1105649			Klebsiella pneumoniae strain:Kp459 Genome sequencing	SAMN41106964		collection_date	2021		PRJNA1105649						2021										Klebsiella pneumoniae		573	Microbe sample from Klebsiella pneumoniae			China:Nanchang	Homo sapiens				Sample name	Kp459				blood	2024-04-28T21:01:05.550		Microbe, viral or environmental		First Affiliated Hospital of Nanchang University, Nanchang University, Nanchang	Microbe.1.0		2024-04-28T00:00:00.000						live	2024-04-28T20:13:04.466	Kp459		2024-04-28T20:13:04.467						Complete Genome				ASM3951598v1		GCA_039515985.1				NCBI Prokaryotic Genome Annotation Pipeline (PGAP)				current		2024-05-06	PacBio Sequel	current	First Affiliated Hospital of Nanchang University, Nanchang University, Nanchang			haploid	5723037	1	5420356		3261023	57	288	4	4		4	1	5420356	4	5723037	5723037	98.14	18.1951	0.65	Klebsiella pneumoniae	species	573	v1.2.3	GCF_039515985.1													Kp459	Klebsiella pneumoniae		573	SOURCE_DATABASE_REFSEQ					
GCF_039515985.1	99.11	GCA_000788015.1	86.7	type	Klebsiella pneumoniae	86.66	derived_species_match	category_na	OK	na	99.11	GCA_000788015.1	86.7	type	Klebsiella pneumoniae subsp. pneumoniae	86.66	Klebsiella pneumoniae	Klebsiella pneumoniae									125		5287	187	5599	Best-placed reference protein set; GeneMarkS-2+	GCF_039515985.1-RS_2025_05_23	NCBI Prokaryotic Genome Annotation Pipeline (PGAP)	NCBI RefSeq	2025-05-23		6.10		HGAP v. 4			PRJNA1105649	PRJNA1105649			Klebsiella pneumoniae strain:Kp459 Genome sequencing	SAMN41106964		geo_loc_name	China:Nanchang		PRJNA1105649						2021										Klebsiella pneumoniae		573	Microbe sample from Klebsiella pneumoniae			China:Nanchang	Homo sapiens				Sample name	Kp459				blood	2024-04-28T21:01:05.550		Microbe, viral or environmental		First Affiliated Hospital of Nanchang University, Nanchang University, Nanchang	Microbe.1.0		2024-04-28T00:00:00.000						live	2024-04-28T20:13:04.466	Kp459		2024-04-28T20:13:04.467						Complete Genome				ASM3951598v1		GCA_039515985.1				NCBI Prokaryotic Genome Annotation Pipeline (PGAP)				current		2024-05-06	PacBio Sequel	current	First Affiliated Hospital of Nanchang University, Nanchang University, Nanchang			haploid	5723037	1	5420356		3261023	57	288	4	4		4	1	5420356	4	5723037	5723037	98.14	18.1951	0.65	Klebsiella pneumoniae	species	573	v1.2.3	GCF_039515985.1													Kp459	Klebsiella pneumoniae		573	SOURCE_DATABASE_REFSEQ					
GCF_039515985.1	99.11	GCA_000788015.1	86.7	type	Klebsiella pneumoniae	86.66	derived_species_match	category_na	OK	na	99.11	GCA_000788015.1	86.7	type	Klebsiella pneumoniae subsp. pneumoniae	86.66	Klebsiella pneumoniae	Klebsiella pneumoniae									125		5287	187	5599	Best-placed reference protein set; GeneMarkS-2+	GCF_039515985.1-RS_2025_05_23	NCBI Prokaryotic Genome Annotation Pipeline (PGAP)	NCBI RefSeq	2025-05-23		6.10		HGAP v. 4			PRJNA1105649	PRJNA1105649			Klebsiella pneumoniae strain:Kp459 Genome sequencing	SAMN41106964		sample_type	whole organism		PRJNA1105649						2021										Klebsiella pneumoniae		573	Microbe sample from Klebsiella pneumoniae			China:Nanchang	Homo sapiens				Sample name	Kp459				blood	2024-04-28T21:01:05.550		Microbe, viral or environmental		First Affiliated Hospital of Nanchang University, Nanchang University, Nanchang	Microbe.1.0		2024-04-28T00:00:00.000						live	2024-04-28T20:13:04.466	Kp459		2024-04-28T20:13:04.467						Complete Genome				ASM3951598v1		GCA_039515985.1				NCBI Prokaryotic Genome Annotation Pipeline (PGAP)				current		2024-05-06	PacBio Sequel	current	First Affiliated Hospital of Nanchang University, Nanchang University, Nanchang			haploid	5723037	1	5420356		3261023	57	288	4	4		4	1	5420356	4	5723037	5723037	98.14	18.1951	0.65	Klebsiella pneumoniae	species	573	v1.2.3	GCF_039515985.1													Kp459	Klebsiella pneumoniae		573	SOURCE_DATABASE_REFSEQ					
GCF_039518015.1	99.69	GCA_000788015.1	87.07	type	Klebsiella pneumoniae	90.87	derived_species_match	category_na	OK	na	99.69	GCA_000788015.1	87.07	type	Klebsiella pneumoniae subsp. pneumoniae	90.87	Klebsiella pneumoniae	Klebsiella pneumoniae									123		5727	187	6037	Best-placed reference protein set; GeneMarkS-2+	GCF_039518015.1-RS_2025_05_23	NCBI Prokaryotic Genome Annotation Pipeline (PGAP)	NCBI RefSeq	2025-05-23		6.10		HGAP v. 4			PRJNA1105644	PRJNA1105644			Klebsiella pneumoniae strain:Kp241 Genome sequencing	SAMN41106943		strain	Kp241		PRJNA1105644						2021										Klebsiella pneumoniae		573	Microbe sample from Klebsiella pneumoniae			China:Nanchang	Homo sapiens				Sample name	Kp241				sputum	2024-04-28T20:01:03.910		Microbe, viral or environmental		First Affiliated Hospital of Nanchang University, Nanchang University, Nanchang	Microbe.1.0		2024-04-28T00:00:00.000						live	2024-04-28T19:48:04.290	Kp241		2024-04-28T19:48:04.290						Complete Genome				ASM3951801v1		GCA_039518015.1				NCBI Prokaryotic Genome Annotation Pipeline (PGAP)				current		2024-05-06	PacBio Sequel	current	First Affiliated Hospital of Nanchang University, Nanchang University, Nanchang			haploid	5975667	1	5508176		3402021	57	215	5	5		5	1	5508176	5	5975667	5975667	99.05	86.0221	0.43	Klebsiella pneumoniae	species	573	v1.2.3	GCF_039518015.1													Kp241	Klebsiella pneumoniae		573	SOURCE_DATABASE_REFSEQ					
GCF_039518015.1	99.69	GCA_000788015.1	87.07	type	Klebsiella pneumoniae	90.87	derived_species_match	category_na	OK	na	99.69	GCA_000788015.1	87.07	type	Klebsiella pneumoniae subsp. pneumoniae	90.87	Klebsiella pneumoniae	Klebsiella pneumoniae									123		5727	187	6037	Best-placed reference protein set; GeneMarkS-2+	GCF_039518015.1-RS_2025_05_23	NCBI Prokaryotic Genome Annotation Pipeline (PGAP)	NCBI RefSeq	2025-05-23		6.10		HGAP v. 4			PRJNA1105644	PRJNA1105644			Klebsiella pneumoniae strain:Kp241 Genome sequencing	SAMN41106943		host	Homo sapiens		PRJNA1105644						2021										Klebsiella pneumoniae		573	Microbe sample from Klebsiella pneumoniae			China:Nanchang	Homo sapiens				Sample name	Kp241				sputum	2024-04-28T20:01:03.910		Microbe, viral or environmental		First Affiliated Hospital of Nanchang University, Nanchang University, Nanchang	Microbe.1.0		2024-04-28T00:00:00.000						live	2024-04-28T19:48:04.290	Kp241		2024-04-28T19:48:04.290						Complete Genome				ASM3951801v1		GCA_039518015.1				NCBI Prokaryotic Genome Annotation Pipeline (PGAP)				current		2024-05-06	PacBio Sequel	current	First Affiliated Hospital of Nanchang University, Nanchang University, Nanchang			haploid	5975667	1	5508176		3402021	57	215	5	5		5	1	5508176	5	5975667	5975667	99.05	86.0221	0.43	Klebsiella pneumoniae	species	573	v1.2.3	GCF_039518015.1													Kp241	Klebsiella pneumoniae		573	SOURCE_DATABASE_REFSEQ					
GCF_039518015.1	99.69	GCA_000788015.1	87.07	type	Klebsiella pneumoniae	90.87	derived_species_match	category_na	OK	na	99.69	GCA_000788015.1	87.07	type	Klebsiella pneumoniae subsp. pneumoniae	90.87	Klebsiella pneumoniae	Klebsiella pneumoniae									123		5727	187	6037	Best-placed reference protein set; GeneMarkS-2+	GCF_039518015.1-RS_2025_05_23	NCBI Prokaryotic Genome Annotation Pipeline (PGAP)	NCBI RefSeq	2025-05-23		6.10		HGAP v. 4			PRJNA1105644	PRJNA1105644			Klebsiella pneumoniae strain:Kp241 Genome sequencing	SAMN41106943		isolation_source	sputum		PRJNA1105644						2021										Klebsiella pneumoniae		573	Microbe sample from Klebsiella pneumoniae			China:Nanchang	Homo sapiens				Sample name	Kp241				sputum	2024-04-28T20:01:03.910		Microbe, viral or environmental		First Affiliated Hospital of Nanchang University, Nanchang University, Nanchang	Microbe.1.0		2024-04-28T00:00:00.000						live	2024-04-28T19:48:04.290	Kp241		2024-04-28T19:48:04.290						Complete Genome				ASM3951801v1		GCA_039518015.1				NCBI Prokaryotic Genome Annotation Pipeline (PGAP)				current		2024-05-06	PacBio Sequel	current	First Affiliated Hospital of Nanchang University, Nanchang University, Nanchang			haploid	5975667	1	5508176		3402021	57	215	5	5		5	1	5508176	5	5975667	5975667	99.05	86.0221	0.43	Klebsiella pneumoniae	species	573	v1.2.3	GCF_039518015.1													Kp241	Klebsiella pneumoniae		573	SOURCE_DATABASE_REFSEQ					
GCF_039518015.1	99.69	GCA_000788015.1	87.07	type	Klebsiella pneumoniae	90.87	derived_species_match	category_na	OK	na	99.69	GCA_000788015.1	87.07	type	Klebsiella pneumoniae subsp. pneumoniae	90.87	Klebsiella pneumoniae	Klebsiella pneumoniae									123		5727	187	6037	Best-placed reference protein set; GeneMarkS-2+	GCF_039518015.1-RS_2025_05_23	NCBI Prokaryotic Genome Annotation Pipeline (PGAP)	NCBI RefSeq	2025-05-23		6.10		HGAP v. 4			PRJNA1105644	PRJNA1105644			Klebsiella pneumoniae strain:Kp241 Genome sequencing	SAMN41106943		collection_date	2021		PRJNA1105644						2021										Klebsiella pneumoniae		573	Microbe sample from Klebsiella pneumoniae			China:Nanchang	Homo sapiens				Sample name	Kp241				sputum	2024-04-28T20:01:03.910		Microbe, viral or environmental		First Affiliated Hospital of Nanchang University, Nanchang University, Nanchang	Microbe.1.0		2024-04-28T00:00:00.000						live	2024-04-28T19:48:04.290	Kp241		2024-04-28T19:48:04.290						Complete Genome				ASM3951801v1		GCA_039518015.1				NCBI Prokaryotic Genome Annotation Pipeline (PGAP)				current		2024-05-06	PacBio Sequel	current	First Affiliated Hospital of Nanchang University, Nanchang University, Nanchang			haploid	5975667	1	5508176		3402021	57	215	5	5		5	1	5508176	5	5975667	5975667	99.05	86.0221	0.43	Klebsiella pneumoniae	species	573	v1.2.3	GCF_039518015.1													Kp241	Klebsiella pneumoniae		573	SOURCE_DATABASE_REFSEQ					
GCF_039518015.1	99.69	GCA_000788015.1	87.07	type	Klebsiella pneumoniae	90.87	derived_species_match	category_na	OK	na	99.69	GCA_000788015.1	87.07	type	Klebsiella pneumoniae subsp. pneumoniae	90.87	Klebsiella pneumoniae	Klebsiella pneumoniae									123		5727	187	6037	Best-placed reference protein set; GeneMarkS-2+	GCF_039518015.1-RS_2025_05_23	NCBI Prokaryotic Genome Annotation Pipeline (PGAP)	NCBI RefSeq	2025-05-23		6.10		HGAP v. 4			PRJNA1105644	PRJNA1105644			Klebsiella pneumoniae strain:Kp241 Genome sequencing	SAMN41106943		geo_loc_name	China:Nanchang		PRJNA1105644						2021										Klebsiella pneumoniae		573	Microbe sample from Klebsiella pneumoniae			China:Nanchang	Homo sapiens				Sample name	Kp241				sputum	2024-04-28T20:01:03.910		Microbe, viral or environmental		First Affiliated Hospital of Nanchang University, Nanchang University, Nanchang	Microbe.1.0		2024-04-28T00:00:00.000						live	2024-04-28T19:48:04.290	Kp241		2024-04-28T19:48:04.290						Complete Genome				ASM3951801v1		GCA_039518015.1				NCBI Prokaryotic Genome Annotation Pipeline (PGAP)				current		2024-05-06	PacBio Sequel	current	First Affiliated Hospital of Nanchang University, Nanchang University, Nanchang			haploid	5975667	1	5508176		3402021	57	215	5	5		5	1	5508176	5	5975667	5975667	99.05	86.0221	0.43	Klebsiella pneumoniae	species	573	v1.2.3	GCF_039518015.1													Kp241	Klebsiella pneumoniae		573	SOURCE_DATABASE_REFSEQ					
GCF_039518015.1	99.69	GCA_000788015.1	87.07	type	Klebsiella pneumoniae	90.87	derived_species_match	category_na	OK	na	99.69	GCA_000788015.1	87.07	type	Klebsiella pneumoniae subsp. pneumoniae	90.87	Klebsiella pneumoniae	Klebsiella pneumoniae									123		5727	187	6037	Best-placed reference protein set; GeneMarkS-2+	GCF_039518015.1-RS_2025_05_23	NCBI Prokaryotic Genome Annotation Pipeline (PGAP)	NCBI RefSeq	2025-05-23		6.10		HGAP v. 4			PRJNA1105644	PRJNA1105644			Klebsiella pneumoniae strain:Kp241 Genome sequencing	SAMN41106943		sample_type	whole organism		PRJNA1105644						2021										Klebsiella pneumoniae		573	Microbe sample from Klebsiella pneumoniae			China:Nanchang	Homo sapiens				Sample name	Kp241				sputum	2024-04-28T20:01:03.910		Microbe, viral or environmental		First Affiliated Hospital of Nanchang University, Nanchang University, Nanchang	Microbe.1.0		2024-04-28T00:00:00.000						live	2024-04-28T19:48:04.290	Kp241		2024-04-28T19:48:04.290						Complete Genome				ASM3951801v1		GCA_039518015.1				NCBI Prokaryotic Genome Annotation Pipeline (PGAP)				current		2024-05-06	PacBio Sequel	current	First Affiliated Hospital of Nanchang University, Nanchang University, Nanchang			haploid	5975667	1	5508176		3402021	57	215	5	5		5	1	5508176	5	5975667	5975667	99.05	86.0221	0.43	Klebsiella pneumoniae	species	573	v1.2.3	GCF_039518015.1													Kp241	Klebsiella pneumoniae		573	SOURCE_DATABASE_REFSEQ					
GCF_039519055.1	99.74	GCA_000788015.1	89.52	type	Klebsiella pneumoniae	91.22	derived_species_match	category_na	OK	na	99.74	GCA_000788015.1	89.52	type	Klebsiella pneumoniae subsp. pneumoniae	91.22	Klebsiella pneumoniae	Klebsiella pneumoniae									122		5564	178	5864	Best-placed reference protein set; GeneMarkS-2+	GCF_039519055.1-RS_2025_05_23	NCBI Prokaryotic Genome Annotation Pipeline (PGAP)	NCBI RefSeq	2025-05-23		6.10		HGAP v. 4			PRJNA1105645	PRJNA1105645			Klebsiella pneumoniae strain:Kp337 Genome sequencing	SAMN41106960		strain	Kp337		PRJNA1105645						2021										Klebsiella pneumoniae		573	Microbe sample from Klebsiella pneumoniae			China:Nanchang	Homo sapiens				Sample name	Kp337				urine	2024-04-28T20:01:04.857		Microbe, viral or environmental		First Affiliated Hospital of Nanchang University, Nanchang University, Nanchang	Microbe.1.0		2024-04-28T00:00:00.000						live	2024-04-28T19:56:04.429	Kp337		2024-04-28T19:56:04.430						Complete Genome				ASM3951905v1		GCA_039519055.1				NCBI Prokaryotic Genome Annotation Pipeline (PGAP)				current		2024-05-06	PacBio Sequel	current	First Affiliated Hospital of Nanchang University, Nanchang University, Nanchang			haploid	5834445	1	5425570		3325730	57	734	4	4		4	1	5425570	4	5834445	5834445	99.02	81.9346	0.43	Klebsiella pneumoniae	species	573	v1.2.3	GCF_039519055.1													Kp337	Klebsiella pneumoniae		573	SOURCE_DATABASE_REFSEQ					
GCF_039519055.1	99.74	GCA_000788015.1	89.52	type	Klebsiella pneumoniae	91.22	derived_species_match	category_na	OK	na	99.74	GCA_000788015.1	89.52	type	Klebsiella pneumoniae subsp. pneumoniae	91.22	Klebsiella pneumoniae	Klebsiella pneumoniae									122		5564	178	5864	Best-placed reference protein set; GeneMarkS-2+	GCF_039519055.1-RS_2025_05_23	NCBI Prokaryotic Genome Annotation Pipeline (PGAP)	NCBI RefSeq	2025-05-23		6.10		HGAP v. 4			PRJNA1105645	PRJNA1105645			Klebsiella pneumoniae strain:Kp337 Genome sequencing	SAMN41106960		host	Homo sapiens		PRJNA1105645						2021										Klebsiella pneumoniae		573	Microbe sample from Klebsiella pneumoniae			China:Nanchang	Homo sapiens				Sample name	Kp337				urine	2024-04-28T20:01:04.857		Microbe, viral or environmental		First Affiliated Hospital of Nanchang University, Nanchang University, Nanchang	Microbe.1.0		2024-04-28T00:00:00.000						live	2024-04-28T19:56:04.429	Kp337		2024-04-28T19:56:04.430						Complete Genome				ASM3951905v1		GCA_039519055.1				NCBI Prokaryotic Genome Annotation Pipeline (PGAP)				current		2024-05-06	PacBio Sequel	current	First Affiliated Hospital of Nanchang University, Nanchang University, Nanchang			haploid	5834445	1	5425570		3325730	57	734	4	4		4	1	5425570	4	5834445	5834445	99.02	81.9346	0.43	Klebsiella pneumoniae	species	573	v1.2.3	GCF_039519055.1													Kp337	Klebsiella pneumoniae		573	SOURCE_DATABASE_REFSEQ					
GCF_039519055.1	99.74	GCA_000788015.1	89.52	type	Klebsiella pneumoniae	91.22	derived_species_match	category_na	OK	na	99.74	GCA_000788015.1	89.52	type	Klebsiella pneumoniae subsp. pneumoniae	91.22	Klebsiella pneumoniae	Klebsiella pneumoniae									122		5564	178	5864	Best-placed reference protein set; GeneMarkS-2+	GCF_039519055.1-RS_2025_05_23	NCBI Prokaryotic Genome Annotation Pipeline (PGAP)	NCBI RefSeq	2025-05-23		6.10		HGAP v. 4			PRJNA1105645	PRJNA1105645			Klebsiella pneumoniae strain:Kp337 Genome sequencing	SAMN41106960		isolation_source	urine		PRJNA1105645						2021										Klebsiella pneumoniae		573	Microbe sample from Klebsiella pneumoniae			China:Nanchang	Homo sapiens				Sample name	Kp337				urine	2024-04-28T20:01:04.857		Microbe, viral or environmental		First Affiliated Hospital of Nanchang University, Nanchang University, Nanchang	Microbe.1.0		2024-04-28T00:00:00.000						live	2024-04-28T19:56:04.429	Kp337		2024-04-28T19:56:04.430						Complete Genome				ASM3951905v1		GCA_039519055.1				NCBI Prokaryotic Genome Annotation Pipeline (PGAP)				current		2024-05-06	PacBio Sequel	current	First Affiliated Hospital of Nanchang University, Nanchang University, Nanchang			haploid	5834445	1	5425570		3325730	57	734	4	4		4	1	5425570	4	5834445	5834445	99.02	81.9346	0.43	Klebsiella pneumoniae	species	573	v1.2.3	GCF_039519055.1													Kp337	Klebsiella pneumoniae		573	SOURCE_DATABASE_REFSEQ					
GCF_039519055.1	99.74	GCA_000788015.1	89.52	type	Klebsiella pneumoniae	91.22	derived_species_match	category_na	OK	na	99.74	GCA_000788015.1	89.52	type	Klebsiella pneumoniae subsp. pneumoniae	91.22	Klebsiella pneumoniae	Klebsiella pneumoniae									122		5564	178	5864	Best-placed reference protein set; GeneMarkS-2+	GCF_039519055.1-RS_2025_05_23	NCBI Prokaryotic Genome Annotation Pipeline (PGAP)	NCBI RefSeq	2025-05-23		6.10		HGAP v. 4			PRJNA1105645	PRJNA1105645			Klebsiella pneumoniae strain:Kp337 Genome sequencing	SAMN41106960		collection_date	2021		PRJNA1105645						2021										Klebsiella pneumoniae		573	Microbe sample from Klebsiella pneumoniae			China:Nanchang	Homo sapiens				Sample name	Kp337				urine	2024-04-28T20:01:04.857		Microbe, viral or environmental		First Affiliated Hospital of Nanchang University, Nanchang University, Nanchang	Microbe.1.0		2024-04-28T00:00:00.000						live	2024-04-28T19:56:04.429	Kp337		2024-04-28T19:56:04.430						Complete Genome				ASM3951905v1		GCA_039519055.1				NCBI Prokaryotic Genome Annotation Pipeline (PGAP)				current		2024-05-06	PacBio Sequel	current	First Affiliated Hospital of Nanchang University, Nanchang University, Nanchang			haploid	5834445	1	5425570		3325730	57	734	4	4		4	1	5425570	4	5834445	5834445	99.02	81.9346	0.43	Klebsiella pneumoniae	species	573	v1.2.3	GCF_039519055.1													Kp337	Klebsiella pneumoniae		573	SOURCE_DATABASE_REFSEQ					
GCF_039519055.1	99.74	GCA_000788015.1	89.52	type	Klebsiella pneumoniae	91.22	derived_species_match	category_na	OK	na	99.74	GCA_000788015.1	89.52	type	Klebsiella pneumoniae subsp. pneumoniae	91.22	Klebsiella pneumoniae	Klebsiella pneumoniae									122		5564	178	5864	Best-placed reference protein set; GeneMarkS-2+	GCF_039519055.1-RS_2025_05_23	NCBI Prokaryotic Genome Annotation Pipeline (PGAP)	NCBI RefSeq	2025-05-23		6.10		HGAP v. 4			PRJNA1105645	PRJNA1105645			Klebsiella pneumoniae strain:Kp337 Genome sequencing	SAMN41106960		geo_loc_name	China:Nanchang		PRJNA1105645						2021										Klebsiella pneumoniae		573	Microbe sample from Klebsiella pneumoniae			China:Nanchang	Homo sapiens				Sample name	Kp337				urine	2024-04-28T20:01:04.857		Microbe, viral or environmental		First Affiliated Hospital of Nanchang University, Nanchang University, Nanchang	Microbe.1.0		2024-04-28T00:00:00.000						live	2024-04-28T19:56:04.429	Kp337		2024-04-28T19:56:04.430						Complete Genome				ASM3951905v1		GCA_039519055.1				NCBI Prokaryotic Genome Annotation Pipeline (PGAP)				current		2024-05-06	PacBio Sequel	current	First Affiliated Hospital of Nanchang University, Nanchang University, Nanchang			haploid	5834445	1	5425570		3325730	57	734	4	4		4	1	5425570	4	5834445	5834445	99.02	81.9346	0.43	Klebsiella pneumoniae	species	573	v1.2.3	GCF_039519055.1													Kp337	Klebsiella pneumoniae		573	SOURCE_DATABASE_REFSEQ					
GCF_039519055.1	99.74	GCA_000788015.1	89.52	type	Klebsiella pneumoniae	91.22	derived_species_match	category_na	OK	na	99.74	GCA_000788015.1	89.52	type	Klebsiella pneumoniae subsp. pneumoniae	91.22	Klebsiella pneumoniae	Klebsiella pneumoniae									122		5564	178	5864	Best-placed reference protein set; GeneMarkS-2+	GCF_039519055.1-RS_2025_05_23	NCBI Prokaryotic Genome Annotation Pipeline (PGAP)	NCBI RefSeq	2025-05-23		6.10		HGAP v. 4			PRJNA1105645	PRJNA1105645			Klebsiella pneumoniae strain:Kp337 Genome sequencing	SAMN41106960		sample_type	whole organism		PRJNA1105645						2021										Klebsiella pneumoniae		573	Microbe sample from Klebsiella pneumoniae			China:Nanchang	Homo sapiens				Sample name	Kp337				urine	2024-04-28T20:01:04.857		Microbe, viral or environmental		First Affiliated Hospital of Nanchang University, Nanchang University, Nanchang	Microbe.1.0		2024-04-28T00:00:00.000						live	2024-04-28T19:56:04.429	Kp337		2024-04-28T19:56:04.430						Complete Genome				ASM3951905v1		GCA_039519055.1				NCBI Prokaryotic Genome Annotation Pipeline (PGAP)				current		2024-05-06	PacBio Sequel	current	First Affiliated Hospital of Nanchang University, Nanchang University, Nanchang			haploid	5834445	1	5425570		3325730	57	734	4	4		4	1	5425570	4	5834445	5834445	99.02	81.9346	0.43	Klebsiella pneumoniae	species	573	v1.2.3	GCF_039519055.1													Kp337	Klebsiella pneumoniae		573	SOURCE_DATABASE_REFSEQ					
GCF_039545765.1	99.72	GCA_000788015.1	88.66	type	Klebsiella pneumoniae	91.49	derived_species_match	category_na	OK	na	99.72	GCA_000788015.1	88.66	type	Klebsiella pneumoniae subsp. pneumoniae	91.49	Klebsiella pneumoniae	Klebsiella pneumoniae									122		5665	165	5952	Best-placed reference protein set; GeneMarkS-2+	GCF_039545765.1-RS_2025_05_22	NCBI Prokaryotic Genome Annotation Pipeline (PGAP)	NCBI RefSeq	2025-05-22		6.10		HGAP v. 4			PRJNA1104371	PRJNA1104371			Klebsiella pneumoniae strain:JXLV-KP54 Genome sequencing	SAMN41075592		strain	JXLV-KP54		PRJNA1104371						2020										Klebsiella pneumoniae		573	Microbe sample from Klebsiella pneumoniae			China:Nanchang	Homo sapiens				Sample name	JXLV-KP54				sputum	2024-04-24T23:01:14.523		Microbe, viral or environmental		The First Affiliated Hospital of Nanchang University,Nanchang University	Microbe.1.0		2024-04-24T00:00:00.000						live	2024-04-24T22:40:03.898	JXLV-KP54		2024-04-24T22:40:03.897						Complete Genome				ASM3954576v1		GCA_039545765.1				NCBI Prokaryotic Genome Annotation Pipeline (PGAP)				current		2024-05-06	PacBio Sequel	current	The First Affiliated Hospital of Nanchang University,Nanchang University			haploid	5908916	1	5475614		3366402	57	249	5	5		5	1	5475614	5	5908916	5908916	99.07	88.0407	0.43	Klebsiella pneumoniae	species	573	v1.2.3	GCF_039545765.1													JXLV-KP54	Klebsiella pneumoniae		573	SOURCE_DATABASE_REFSEQ					
GCF_039545765.1	99.72	GCA_000788015.1	88.66	type	Klebsiella pneumoniae	91.49	derived_species_match	category_na	OK	na	99.72	GCA_000788015.1	88.66	type	Klebsiella pneumoniae subsp. pneumoniae	91.49	Klebsiella pneumoniae	Klebsiella pneumoniae									122		5665	165	5952	Best-placed reference protein set; GeneMarkS-2+	GCF_039545765.1-RS_2025_05_22	NCBI Prokaryotic Genome Annotation Pipeline (PGAP)	NCBI RefSeq	2025-05-22		6.10		HGAP v. 4			PRJNA1104371	PRJNA1104371			Klebsiella pneumoniae strain:JXLV-KP54 Genome sequencing	SAMN41075592		host	Homo sapiens		PRJNA1104371						2020										Klebsiella pneumoniae		573	Microbe sample from Klebsiella pneumoniae			China:Nanchang	Homo sapiens				Sample name	JXLV-KP54				sputum	2024-04-24T23:01:14.523		Microbe, viral or environmental		The First Affiliated Hospital of Nanchang University,Nanchang University	Microbe.1.0		2024-04-24T00:00:00.000						live	2024-04-24T22:40:03.898	JXLV-KP54		2024-04-24T22:40:03.897						Complete Genome				ASM3954576v1		GCA_039545765.1				NCBI Prokaryotic Genome Annotation Pipeline (PGAP)				current		2024-05-06	PacBio Sequel	current	The First Affiliated Hospital of Nanchang University,Nanchang University			haploid	5908916	1	5475614		3366402	57	249	5	5		5	1	5475614	5	5908916	5908916	99.07	88.0407	0.43	Klebsiella pneumoniae	species	573	v1.2.3	GCF_039545765.1													JXLV-KP54	Klebsiella pneumoniae		573	SOURCE_DATABASE_REFSEQ					
GCF_039545765.1	99.72	GCA_000788015.1	88.66	type	Klebsiella pneumoniae	91.49	derived_species_match	category_na	OK	na	99.72	GCA_000788015.1	88.66	type	Klebsiella pneumoniae subsp. pneumoniae	91.49	Klebsiella pneumoniae	Klebsiella pneumoniae									122		5665	165	5952	Best-placed reference protein set; GeneMarkS-2+	GCF_039545765.1-RS_2025_05_22	NCBI Prokaryotic Genome Annotation Pipeline (PGAP)	NCBI RefSeq	2025-05-22		6.10		HGAP v. 4			PRJNA1104371	PRJNA1104371			Klebsiella pneumoniae strain:JXLV-KP54 Genome sequencing	SAMN41075592		isolation_source	sputum		PRJNA1104371						2020										Klebsiella pneumoniae		573	Microbe sample from Klebsiella pneumoniae			China:Nanchang	Homo sapiens				Sample name	JXLV-KP54				sputum	2024-04-24T23:01:14.523		Microbe, viral or environmental		The First Affiliated Hospital of Nanchang University,Nanchang University	Microbe.1.0		2024-04-24T00:00:00.000						live	2024-04-24T22:40:03.898	JXLV-KP54		2024-04-24T22:40:03.897						Complete Genome				ASM3954576v1		GCA_039545765.1				NCBI Prokaryotic Genome Annotation Pipeline (PGAP)				current		2024-05-06	PacBio Sequel	current	The First Affiliated Hospital of Nanchang University,Nanchang University			haploid	5908916	1	5475614		3366402	57	249	5	5		5	1	5475614	5	5908916	5908916	99.07	88.0407	0.43	Klebsiella pneumoniae	species	573	v1.2.3	GCF_039545765.1													JXLV-KP54	Klebsiella pneumoniae		573	SOURCE_DATABASE_REFSEQ					
GCF_039545765.1	99.72	GCA_000788015.1	88.66	type	Klebsiella pneumoniae	91.49	derived_species_match	category_na	OK	na	99.72	GCA_000788015.1	88.66	type	Klebsiella pneumoniae subsp. pneumoniae	91.49	Klebsiella pneumoniae	Klebsiella pneumoniae									122		5665	165	5952	Best-placed reference protein set; GeneMarkS-2+	GCF_039545765.1-RS_2025_05_22	NCBI Prokaryotic Genome Annotation Pipeline (PGAP)	NCBI RefSeq	2025-05-22		6.10		HGAP v. 4			PRJNA1104371	PRJNA1104371			Klebsiella pneumoniae strain:JXLV-KP54 Genome sequencing	SAMN41075592		collection_date	2020		PRJNA1104371						2020										Klebsiella pneumoniae		573	Microbe sample from Klebsiella pneumoniae			China:Nanchang	Homo sapiens				Sample name	JXLV-KP54				sputum	2024-04-24T23:01:14.523		Microbe, viral or environmental		The First Affiliated Hospital of Nanchang University,Nanchang University	Microbe.1.0		2024-04-24T00:00:00.000						live	2024-04-24T22:40:03.898	JXLV-KP54		2024-04-24T22:40:03.897						Complete Genome				ASM3954576v1		GCA_039545765.1				NCBI Prokaryotic Genome Annotation Pipeline (PGAP)				current		2024-05-06	PacBio Sequel	current	The First Affiliated Hospital of Nanchang University,Nanchang University			haploid	5908916	1	5475614		3366402	57	249	5	5		5	1	5475614	5	5908916	5908916	99.07	88.0407	0.43	Klebsiella pneumoniae	species	573	v1.2.3	GCF_039545765.1													JXLV-KP54	Klebsiella pneumoniae		573	SOURCE_DATABASE_REFSEQ					
GCF_039545765.1	99.72	GCA_000788015.1	88.66	type	Klebsiella pneumoniae	91.49	derived_species_match	category_na	OK	na	99.72	GCA_000788015.1	88.66	type	Klebsiella pneumoniae subsp. pneumoniae	91.49	Klebsiella pneumoniae	Klebsiella pneumoniae									122		5665	165	5952	Best-placed reference protein set; GeneMarkS-2+	GCF_039545765.1-RS_2025_05_22	NCBI Prokaryotic Genome Annotation Pipeline (PGAP)	NCBI RefSeq	2025-05-22		6.10		HGAP v. 4			PRJNA1104371	PRJNA1104371			Klebsiella pneumoniae strain:JXLV-KP54 Genome sequencing	SAMN41075592		geo_loc_name	China:Nanchang		PRJNA1104371						2020										Klebsiella pneumoniae		573	Microbe sample from Klebsiella pneumoniae			China:Nanchang	Homo sapiens				Sample name	JXLV-KP54				sputum	2024-04-24T23:01:14.523		Microbe, viral or environmental		The First Affiliated Hospital of Nanchang University,Nanchang University	Microbe.1.0		2024-04-24T00:00:00.000						live	2024-04-24T22:40:03.898	JXLV-KP54		2024-04-24T22:40:03.897						Complete Genome				ASM3954576v1		GCA_039545765.1				NCBI Prokaryotic Genome Annotation Pipeline (PGAP)				current		2024-05-06	PacBio Sequel	current	The First Affiliated Hospital of Nanchang University,Nanchang University			haploid	5908916	1	5475614		3366402	57	249	5	5		5	1	5475614	5	5908916	5908916	99.07	88.0407	0.43	Klebsiella pneumoniae	species	573	v1.2.3	GCF_039545765.1													JXLV-KP54	Klebsiella pneumoniae		573	SOURCE_DATABASE_REFSEQ					
GCF_039545765.1	99.72	GCA_000788015.1	88.66	type	Klebsiella pneumoniae	91.49	derived_species_match	category_na	OK	na	99.72	GCA_000788015.1	88.66	type	Klebsiella pneumoniae subsp. pneumoniae	91.49	Klebsiella pneumoniae	Klebsiella pneumoniae									122		5665	165	5952	Best-placed reference protein set; GeneMarkS-2+	GCF_039545765.1-RS_2025_05_22	NCBI Prokaryotic Genome Annotation Pipeline (PGAP)	NCBI RefSeq	2025-05-22		6.10		HGAP v. 4			PRJNA1104371	PRJNA1104371			Klebsiella pneumoniae strain:JXLV-KP54 Genome sequencing	SAMN41075592		sample_type	whole organism		PRJNA1104371						2020										Klebsiella pneumoniae		573	Microbe sample from Klebsiella pneumoniae			China:Nanchang	Homo sapiens				Sample name	JXLV-KP54				sputum	2024-04-24T23:01:14.523		Microbe, viral or environmental		The First Affiliated Hospital of Nanchang University,Nanchang University	Microbe.1.0		2024-04-24T00:00:00.000						live	2024-04-24T22:40:03.898	JXLV-KP54		2024-04-24T22:40:03.897						Complete Genome				ASM3954576v1		GCA_039545765.1				NCBI Prokaryotic Genome Annotation Pipeline (PGAP)				current		2024-05-06	PacBio Sequel	current	The First Affiliated Hospital of Nanchang University,Nanchang University			haploid	5908916	1	5475614		3366402	57	249	5	5		5	1	5475614	5	5908916	5908916	99.07	88.0407	0.43	Klebsiella pneumoniae	species	573	v1.2.3	GCF_039545765.1													JXLV-KP54	Klebsiella pneumoniae		573	SOURCE_DATABASE_REFSEQ					
GCF_039545785.1	99.71	GCA_000788015.1	88.18	type	Klebsiella pneumoniae	91.75	derived_species_match	category_na	OK	na	99.71	GCA_000788015.1	88.18	type	Klebsiella pneumoniae subsp. pneumoniae	91.75	Klebsiella pneumoniae	Klebsiella pneumoniae									122		5720	167	6009	Best-placed reference protein set; GeneMarkS-2+	GCF_039545785.1-RS_2025_05_23	NCBI Prokaryotic Genome Annotation Pipeline (PGAP)	NCBI RefSeq	2025-05-23		6.10		canu v. 1.8			PRJNA1104315	PRJNA1104315			Klebsiella pneumoniae strain:JXHV-KP2 Genome sequencing	SAMN41075352		strain	JXHV-KP2		PRJNA1104315						2020										Klebsiella pneumoniae		573	Microbe sample from Klebsiella pneumoniae			China:Nanchang	Homo sapiens				Sample name	JXHV-KP2				urine	2024-04-24T23:01:02.950		Microbe, viral or environmental		The First Affiliated Hospital of Nanchang University,Nanchang University	Microbe.1.0		2024-04-24T00:00:00.000						live	2024-04-24T22:00:05.979	JXHV-KP2		2024-04-24T22:00:05.980						Complete Genome				ASM3954578v1		GCA_039545785.1				NCBI Prokaryotic Genome Annotation Pipeline (PGAP)				current		2024-05-06	PacBio Sequel2 hifi	current	The First Affiliated Hospital of Nanchang University,Nanchang University			haploid	5958055	1	5473594		3390102	57	29	6	6		6	1	5473594	6	5958055	5958055	98.94	74.0085	0.43	Klebsiella pneumoniae	species	573	v1.2.3	GCF_039545785.1													JXHV-KP2	Klebsiella pneumoniae		573	SOURCE_DATABASE_REFSEQ					
GCF_039545785.1	99.71	GCA_000788015.1	88.18	type	Klebsiella pneumoniae	91.75	derived_species_match	category_na	OK	na	99.71	GCA_000788015.1	88.18	type	Klebsiella pneumoniae subsp. pneumoniae	91.75	Klebsiella pneumoniae	Klebsiella pneumoniae									122		5720	167	6009	Best-placed reference protein set; GeneMarkS-2+	GCF_039545785.1-RS_2025_05_23	NCBI Prokaryotic Genome Annotation Pipeline (PGAP)	NCBI RefSeq	2025-05-23		6.10		canu v. 1.8			PRJNA1104315	PRJNA1104315			Klebsiella pneumoniae strain:JXHV-KP2 Genome sequencing	SAMN41075352		host	Homo sapiens		PRJNA1104315						2020										Klebsiella pneumoniae		573	Microbe sample from Klebsiella pneumoniae			China:Nanchang	Homo sapiens				Sample name	JXHV-KP2				urine	2024-04-24T23:01:02.950		Microbe, viral or environmental		The First Affiliated Hospital of Nanchang University,Nanchang University	Microbe.1.0		2024-04-24T00:00:00.000						live	2024-04-24T22:00:05.979	JXHV-KP2		2024-04-24T22:00:05.980						Complete Genome				ASM3954578v1		GCA_039545785.1				NCBI Prokaryotic Genome Annotation Pipeline (PGAP)				current		2024-05-06	PacBio Sequel2 hifi	current	The First Affiliated Hospital of Nanchang University,Nanchang University			haploid	5958055	1	5473594		3390102	57	29	6	6		6	1	5473594	6	5958055	5958055	98.94	74.0085	0.43	Klebsiella pneumoniae	species	573	v1.2.3	GCF_039545785.1													JXHV-KP2	Klebsiella pneumoniae		573	SOURCE_DATABASE_REFSEQ					
GCF_039545785.1	99.71	GCA_000788015.1	88.18	type	Klebsiella pneumoniae	91.75	derived_species_match	category_na	OK	na	99.71	GCA_000788015.1	88.18	type	Klebsiella pneumoniae subsp. pneumoniae	91.75	Klebsiella pneumoniae	Klebsiella pneumoniae									122		5720	167	6009	Best-placed reference protein set; GeneMarkS-2+	GCF_039545785.1-RS_2025_05_23	NCBI Prokaryotic Genome Annotation Pipeline (PGAP)	NCBI RefSeq	2025-05-23		6.10		canu v. 1.8			PRJNA1104315	PRJNA1104315			Klebsiella pneumoniae strain:JXHV-KP2 Genome sequencing	SAMN41075352		isolation_source	urine		PRJNA1104315						2020										Klebsiella pneumoniae		573	Microbe sample from Klebsiella pneumoniae			China:Nanchang	Homo sapiens				Sample name	JXHV-KP2				urine	2024-04-24T23:01:02.950		Microbe, viral or environmental		The First Affiliated Hospital of Nanchang University,Nanchang University	Microbe.1.0		2024-04-24T00:00:00.000						live	2024-04-24T22:00:05.979	JXHV-KP2		2024-04-24T22:00:05.980						Complete Genome				ASM3954578v1		GCA_039545785.1				NCBI Prokaryotic Genome Annotation Pipeline (PGAP)				current		2024-05-06	PacBio Sequel2 hifi	current	The First Affiliated Hospital of Nanchang University,Nanchang University			haploid	5958055	1	5473594		3390102	57	29	6	6		6	1	5473594	6	5958055	5958055	98.94	74.0085	0.43	Klebsiella pneumoniae	species	573	v1.2.3	GCF_039545785.1													JXHV-KP2	Klebsiella pneumoniae		573	SOURCE_DATABASE_REFSEQ					
GCF_039545785.1	99.71	GCA_000788015.1	88.18	type	Klebsiella pneumoniae	91.75	derived_species_match	category_na	OK	na	99.71	GCA_000788015.1	88.18	type	Klebsiella pneumoniae subsp. pneumoniae	91.75	Klebsiella pneumoniae	Klebsiella pneumoniae									122		5720	167	6009	Best-placed reference protein set; GeneMarkS-2+	GCF_039545785.1-RS_2025_05_23	NCBI Prokaryotic Genome Annotation Pipeline (PGAP)	NCBI RefSeq	2025-05-23		6.10		canu v. 1.8			PRJNA1104315	PRJNA1104315			Klebsiella pneumoniae strain:JXHV-KP2 Genome sequencing	SAMN41075352		collection_date	2020		PRJNA1104315						2020										Klebsiella pneumoniae		573	Microbe sample from Klebsiella pneumoniae			China:Nanchang	Homo sapiens				Sample name	JXHV-KP2				urine	2024-04-24T23:01:02.950		Microbe, viral or environmental		The First Affiliated Hospital of Nanchang University,Nanchang University	Microbe.1.0		2024-04-24T00:00:00.000						live	2024-04-24T22:00:05.979	JXHV-KP2		2024-04-24T22:00:05.980						Complete Genome				ASM3954578v1		GCA_039545785.1				NCBI Prokaryotic Genome Annotation Pipeline (PGAP)				current		2024-05-06	PacBio Sequel2 hifi	current	The First Affiliated Hospital of Nanchang University,Nanchang University			haploid	5958055	1	5473594		3390102	57	29	6	6		6	1	5473594	6	5958055	5958055	98.94	74.0085	0.43	Klebsiella pneumoniae	species	573	v1.2.3	GCF_039545785.1													JXHV-KP2	Klebsiella pneumoniae		573	SOURCE_DATABASE_REFSEQ					
GCF_039545785.1	99.71	GCA_000788015.1	88.18	type	Klebsiella pneumoniae	91.75	derived_species_match	category_na	OK	na	99.71	GCA_000788015.1	88.18	type	Klebsiella pneumoniae subsp. pneumoniae	91.75	Klebsiella pneumoniae	Klebsiella pneumoniae									122		5720	167	6009	Best-placed reference protein set; GeneMarkS-2+	GCF_039545785.1-RS_2025_05_23	NCBI Prokaryotic Genome Annotation Pipeline (PGAP)	NCBI RefSeq	2025-05-23		6.10		canu v. 1.8			PRJNA1104315	PRJNA1104315			Klebsiella pneumoniae strain:JXHV-KP2 Genome sequencing	SAMN41075352		geo_loc_name	China:Nanchang		PRJNA1104315						2020										Klebsiella pneumoniae		573	Microbe sample from Klebsiella pneumoniae			China:Nanchang	Homo sapiens				Sample name	JXHV-KP2				urine	2024-04-24T23:01:02.950		Microbe, viral or environmental		The First Affiliated Hospital of Nanchang University,Nanchang University	Microbe.1.0		2024-04-24T00:00:00.000						live	2024-04-24T22:00:05.979	JXHV-KP2		2024-04-24T22:00:05.980						Complete Genome				ASM3954578v1		GCA_039545785.1				NCBI Prokaryotic Genome Annotation Pipeline (PGAP)				current		2024-05-06	PacBio Sequel2 hifi	current	The First Affiliated Hospital of Nanchang University,Nanchang University			haploid	5958055	1	5473594		3390102	57	29	6	6		6	1	5473594	6	5958055	5958055	98.94	74.0085	0.43	Klebsiella pneumoniae	species	573	v1.2.3	GCF_039545785.1													JXHV-KP2	Klebsiella pneumoniae		573	SOURCE_DATABASE_REFSEQ					
GCF_039545785.1	99.71	GCA_000788015.1	88.18	type	Klebsiella pneumoniae	91.75	derived_species_match	category_na	OK	na	99.71	GCA_000788015.1	88.18	type	Klebsiella pneumoniae subsp. pneumoniae	91.75	Klebsiella pneumoniae	Klebsiella pneumoniae									122		5720	167	6009	Best-placed reference protein set; GeneMarkS-2+	GCF_039545785.1-RS_2025_05_23	NCBI Prokaryotic Genome Annotation Pipeline (PGAP)	NCBI RefSeq	2025-05-23		6.10		canu v. 1.8			PRJNA1104315	PRJNA1104315			Klebsiella pneumoniae strain:JXHV-KP2 Genome sequencing	SAMN41075352		sample_type	whole organism		PRJNA1104315						2020										Klebsiella pneumoniae		573	Microbe sample from Klebsiella pneumoniae			China:Nanchang	Homo sapiens				Sample name	JXHV-KP2				urine	2024-04-24T23:01:02.950		Microbe, viral or environmental		The First Affiliated Hospital of Nanchang University,Nanchang University	Microbe.1.0		2024-04-24T00:00:00.000						live	2024-04-24T22:00:05.979	JXHV-KP2		2024-04-24T22:00:05.980						Complete Genome				ASM3954578v1		GCA_039545785.1				NCBI Prokaryotic Genome Annotation Pipeline (PGAP)				current		2024-05-06	PacBio Sequel2 hifi	current	The First Affiliated Hospital of Nanchang University,Nanchang University			haploid	5958055	1	5473594		3390102	57	29	6	6		6	1	5473594	6	5958055	5958055	98.94	74.0085	0.43	Klebsiella pneumoniae	species	573	v1.2.3	GCF_039545785.1													JXHV-KP2	Klebsiella pneumoniae		573	SOURCE_DATABASE_REFSEQ					
GCF_040029055.1	99.17	GCA_000788015.1	87.17	type	Klebsiella pneumoniae	86.76	derived_species_match	category_na	OK	na	99.17	GCA_000788015.1	87.17	type	Klebsiella pneumoniae subsp. pneumoniae	86.76	Klebsiella pneumoniae	Klebsiella pneumoniae									121		5364	114	5599	Best-placed reference protein set; GeneMarkS-2+	GCF_040029055.1-RS_2025_06_11	NCBI Prokaryotic Genome Annotation Pipeline (PGAP)	NCBI RefSeq	2025-06-11		6.10		canu v. 1.8			PRJNA1116330	PRJNA1116330			Klebsiella pneumoniae strain:HvKP51 Genome sequencing	SAMN41531516		strain	HvKP51		PRJNA1116330						2019										Klebsiella pneumoniae		573	Microbe sample from Klebsiella pneumoniae			China:Nanchang	Homo sapiens				Sample name	HvKP51				sputum	2024-05-25T05:01:04.513		Microbe, viral or environmental		The First Affiliated Hospital, Jiangxi Medical College, Nanchang University	Microbe.1.0		2024-05-25T00:00:00.000						live	2024-05-25T04:11:03.549	HvKP51		2024-05-25T04:11:03.550						Complete Genome				ASM4002905v1		GCA_040029055.1				NCBI Prokaryotic Genome Annotation Pipeline (PGAP)				current		2024-06-03	PacBio Sequel2 hifi	current	The First Affiliated Hospital, Jiangxi Medical College, Nanchang University			haploid	5699124	1	5436483		3252657	57	29.8	2	2		2	1	5436483	2	5699124	5699124	98.93	73.3746	0.37	Klebsiella pneumoniae	species	573	v1.2.3	GCF_040029055.1													HvKP51	Klebsiella pneumoniae		573	SOURCE_DATABASE_REFSEQ					
GCF_040029055.1	99.17	GCA_000788015.1	87.17	type	Klebsiella pneumoniae	86.76	derived_species_match	category_na	OK	na	99.17	GCA_000788015.1	87.17	type	Klebsiella pneumoniae subsp. pneumoniae	86.76	Klebsiella pneumoniae	Klebsiella pneumoniae									121		5364	114	5599	Best-placed reference protein set; GeneMarkS-2+	GCF_040029055.1-RS_2025_06_11	NCBI Prokaryotic Genome Annotation Pipeline (PGAP)	NCBI RefSeq	2025-06-11		6.10		canu v. 1.8			PRJNA1116330	PRJNA1116330			Klebsiella pneumoniae strain:HvKP51 Genome sequencing	SAMN41531516		host	Homo sapiens		PRJNA1116330						2019										Klebsiella pneumoniae		573	Microbe sample from Klebsiella pneumoniae			China:Nanchang	Homo sapiens				Sample name	HvKP51				sputum	2024-05-25T05:01:04.513		Microbe, viral or environmental		The First Affiliated Hospital, Jiangxi Medical College, Nanchang University	Microbe.1.0		2024-05-25T00:00:00.000						live	2024-05-25T04:11:03.549	HvKP51		2024-05-25T04:11:03.550						Complete Genome				ASM4002905v1		GCA_040029055.1				NCBI Prokaryotic Genome Annotation Pipeline (PGAP)				current		2024-06-03	PacBio Sequel2 hifi	current	The First Affiliated Hospital, Jiangxi Medical College, Nanchang University			haploid	5699124	1	5436483		3252657	57	29.8	2	2		2	1	5436483	2	5699124	5699124	98.93	73.3746	0.37	Klebsiella pneumoniae	species	573	v1.2.3	GCF_040029055.1													HvKP51	Klebsiella pneumoniae		573	SOURCE_DATABASE_REFSEQ					
GCF_040029055.1	99.17	GCA_000788015.1	87.17	type	Klebsiella pneumoniae	86.76	derived_species_match	category_na	OK	na	99.17	GCA_000788015.1	87.17	type	Klebsiella pneumoniae subsp. pneumoniae	86.76	Klebsiella pneumoniae	Klebsiella pneumoniae									121		5364	114	5599	Best-placed reference protein set; GeneMarkS-2+	GCF_040029055.1-RS_2025_06_11	NCBI Prokaryotic Genome Annotation Pipeline (PGAP)	NCBI RefSeq	2025-06-11		6.10		canu v. 1.8			PRJNA1116330	PRJNA1116330			Klebsiella pneumoniae strain:HvKP51 Genome sequencing	SAMN41531516		isolation_source	sputum		PRJNA1116330						2019										Klebsiella pneumoniae		573	Microbe sample from Klebsiella pneumoniae			China:Nanchang	Homo sapiens				Sample name	HvKP51				sputum	2024-05-25T05:01:04.513		Microbe, viral or environmental		The First Affiliated Hospital, Jiangxi Medical College, Nanchang University	Microbe.1.0		2024-05-25T00:00:00.000						live	2024-05-25T04:11:03.549	HvKP51		2024-05-25T04:11:03.550						Complete Genome				ASM4002905v1		GCA_040029055.1				NCBI Prokaryotic Genome Annotation Pipeline (PGAP)				current		2024-06-03	PacBio Sequel2 hifi	current	The First Affiliated Hospital, Jiangxi Medical College, Nanchang University			haploid	5699124	1	5436483		3252657	57	29.8	2	2		2	1	5436483	2	5699124	5699124	98.93	73.3746	0.37	Klebsiella pneumoniae	species	573	v1.2.3	GCF_040029055.1													HvKP51	Klebsiella pneumoniae		573	SOURCE_DATABASE_REFSEQ					
GCF_040029055.1	99.17	GCA_000788015.1	87.17	type	Klebsiella pneumoniae	86.76	derived_species_match	category_na	OK	na	99.17	GCA_000788015.1	87.17	type	Klebsiella pneumoniae subsp. pneumoniae	86.76	Klebsiella pneumoniae	Klebsiella pneumoniae									121		5364	114	5599	Best-placed reference protein set; GeneMarkS-2+	GCF_040029055.1-RS_2025_06_11	NCBI Prokaryotic Genome Annotation Pipeline (PGAP)	NCBI RefSeq	2025-06-11		6.10		canu v. 1.8			PRJNA1116330	PRJNA1116330			Klebsiella pneumoniae strain:HvKP51 Genome sequencing	SAMN41531516		collection_date	2019		PRJNA1116330						2019										Klebsiella pneumoniae		573	Microbe sample from Klebsiella pneumoniae			China:Nanchang	Homo sapiens				Sample name	HvKP51				sputum	2024-05-25T05:01:04.513		Microbe, viral or environmental		The First Affiliated Hospital, Jiangxi Medical College, Nanchang University	Microbe.1.0		2024-05-25T00:00:00.000						live	2024-05-25T04:11:03.549	HvKP51		2024-05-25T04:11:03.550						Complete Genome				ASM4002905v1		GCA_040029055.1				NCBI Prokaryotic Genome Annotation Pipeline (PGAP)				current		2024-06-03	PacBio Sequel2 hifi	current	The First Affiliated Hospital, Jiangxi Medical College, Nanchang University			haploid	5699124	1	5436483		3252657	57	29.8	2	2		2	1	5436483	2	5699124	5699124	98.93	73.3746	0.37	Klebsiella pneumoniae	species	573	v1.2.3	GCF_040029055.1													HvKP51	Klebsiella pneumoniae		573	SOURCE_DATABASE_REFSEQ					
GCF_040029055.1	99.17	GCA_000788015.1	87.17	type	Klebsiella pneumoniae	86.76	derived_species_match	category_na	OK	na	99.17	GCA_000788015.1	87.17	type	Klebsiella pneumoniae subsp. pneumoniae	86.76	Klebsiella pneumoniae	Klebsiella pneumoniae									121		5364	114	5599	Best-placed reference protein set; GeneMarkS-2+	GCF_040029055.1-RS_2025_06_11	NCBI Prokaryotic Genome Annotation Pipeline (PGAP)	NCBI RefSeq	2025-06-11		6.10		canu v. 1.8			PRJNA1116330	PRJNA1116330			Klebsiella pneumoniae strain:HvKP51 Genome sequencing	SAMN41531516		geo_loc_name	China:Nanchang		PRJNA1116330						2019										Klebsiella pneumoniae		573	Microbe sample from Klebsiella pneumoniae			China:Nanchang	Homo sapiens				Sample name	HvKP51				sputum	2024-05-25T05:01:04.513		Microbe, viral or environmental		The First Affiliated Hospital, Jiangxi Medical College, Nanchang University	Microbe.1.0		2024-05-25T00:00:00.000						live	2024-05-25T04:11:03.549	HvKP51		2024-05-25T04:11:03.550						Complete Genome				ASM4002905v1		GCA_040029055.1				NCBI Prokaryotic Genome Annotation Pipeline (PGAP)				current		2024-06-03	PacBio Sequel2 hifi	current	The First Affiliated Hospital, Jiangxi Medical College, Nanchang University			haploid	5699124	1	5436483		3252657	57	29.8	2	2		2	1	5436483	2	5699124	5699124	98.93	73.3746	0.37	Klebsiella pneumoniae	species	573	v1.2.3	GCF_040029055.1													HvKP51	Klebsiella pneumoniae		573	SOURCE_DATABASE_REFSEQ					
GCF_040029055.1	99.17	GCA_000788015.1	87.17	type	Klebsiella pneumoniae	86.76	derived_species_match	category_na	OK	na	99.17	GCA_000788015.1	87.17	type	Klebsiella pneumoniae subsp. pneumoniae	86.76	Klebsiella pneumoniae	Klebsiella pneumoniae									121		5364	114	5599	Best-placed reference protein set; GeneMarkS-2+	GCF_040029055.1-RS_2025_06_11	NCBI Prokaryotic Genome Annotation Pipeline (PGAP)	NCBI RefSeq	2025-06-11		6.10		canu v. 1.8			PRJNA1116330	PRJNA1116330			Klebsiella pneumoniae strain:HvKP51 Genome sequencing	SAMN41531516		sample_type	whole organism		PRJNA1116330						2019										Klebsiella pneumoniae		573	Microbe sample from Klebsiella pneumoniae			China:Nanchang	Homo sapiens				Sample name	HvKP51				sputum	2024-05-25T05:01:04.513		Microbe, viral or environmental		The First Affiliated Hospital, Jiangxi Medical College, Nanchang University	Microbe.1.0		2024-05-25T00:00:00.000						live	2024-05-25T04:11:03.549	HvKP51		2024-05-25T04:11:03.550						Complete Genome				ASM4002905v1		GCA_040029055.1				NCBI Prokaryotic Genome Annotation Pipeline (PGAP)				current		2024-06-03	PacBio Sequel2 hifi	current	The First Affiliated Hospital, Jiangxi Medical College, Nanchang University			haploid	5699124	1	5436483		3252657	57	29.8	2	2		2	1	5436483	2	5699124	5699124	98.93	73.3746	0.37	Klebsiella pneumoniae	species	573	v1.2.3	GCF_040029055.1													HvKP51	Klebsiella pneumoniae		573	SOURCE_DATABASE_REFSEQ					
GCF_040029785.2	99.14	GCA_000788015.1	86.8	type	Klebsiella pneumoniae	87.82	derived_species_match	category_na	OK	na	99.14	GCA_000788015.1	86.8	type	Klebsiella pneumoniae subsp. pneumoniae	87.82	Klebsiella pneumoniae	Klebsiella pneumoniae									121		5461	127	5709	Best-placed reference protein set; GeneMarkS-2+	GCF_040029785.2-RS_2024_07_04	NCBI Prokaryotic Genome Annotation Pipeline (PGAP)	NCBI RefSeq	2024-07-04		6.7		HGAP v. 4			PRJNA1116332	PRJNA1116332			Klebsiella pneumoniae strain:HvKP51-KPC-TC Genome sequencing	SAMN41531519		strain	HvKP51-KPC-TC		PRJNA1116332						2019										Klebsiella pneumoniae		573	Microbe sample from Klebsiella pneumoniae			China:Nanchang	Homo sapiens				Sample name	HvKP51-KPC-TC				sputum	2024-05-25T05:01:04.570		Microbe, viral or environmental		The First Affiliated Hospital, Jiangxi Medical College, Nanchang University	Microbe.1.0		2024-05-25T00:00:00.000						live	2024-05-25T04:29:04.321	HvKP51-KPC-TC		2024-05-25T04:29:04.320						Complete Genome				ASM4002978v1		GCA_040029785.2				NCBI Prokaryotic Genome Annotation Pipeline (PGAP)				current		2024-07-03	PacBio Sequel	current	The First Affiliated Hospital, Jiangxi Medical College, Nanchang University			haploid	5793181	1	5436476		3302572	57	284	3	3		3	1	5436476	3	5793181	5793181	98.93	73.3746	0.54	Klebsiella pneumoniae	species	573	v1.2.4	GCF_040029785.2													HvKP51-KPC-TC	Klebsiella pneumoniae		573	SOURCE_DATABASE_REFSEQ					
GCF_040029785.2	99.14	GCA_000788015.1	86.8	type	Klebsiella pneumoniae	87.82	derived_species_match	category_na	OK	na	99.14	GCA_000788015.1	86.8	type	Klebsiella pneumoniae subsp. pneumoniae	87.82	Klebsiella pneumoniae	Klebsiella pneumoniae									121		5461	127	5709	Best-placed reference protein set; GeneMarkS-2+	GCF_040029785.2-RS_2024_07_04	NCBI Prokaryotic Genome Annotation Pipeline (PGAP)	NCBI RefSeq	2024-07-04		6.7		HGAP v. 4			PRJNA1116332	PRJNA1116332			Klebsiella pneumoniae strain:HvKP51-KPC-TC Genome sequencing	SAMN41531519		host	Homo sapiens		PRJNA1116332						2019										Klebsiella pneumoniae		573	Microbe sample from Klebsiella pneumoniae			China:Nanchang	Homo sapiens				Sample name	HvKP51-KPC-TC				sputum	2024-05-25T05:01:04.570		Microbe, viral or environmental		The First Affiliated Hospital, Jiangxi Medical College, Nanchang University	Microbe.1.0		2024-05-25T00:00:00.000						live	2024-05-25T04:29:04.321	HvKP51-KPC-TC		2024-05-25T04:29:04.320						Complete Genome				ASM4002978v1		GCA_040029785.2				NCBI Prokaryotic Genome Annotation Pipeline (PGAP)				current		2024-07-03	PacBio Sequel	current	The First Affiliated Hospital, Jiangxi Medical College, Nanchang University			haploid	5793181	1	5436476		3302572	57	284	3	3		3	1	5436476	3	5793181	5793181	98.93	73.3746	0.54	Klebsiella pneumoniae	species	573	v1.2.4	GCF_040029785.2													HvKP51-KPC-TC	Klebsiella pneumoniae		573	SOURCE_DATABASE_REFSEQ					
GCF_040029785.2	99.14	GCA_000788015.1	86.8	type	Klebsiella pneumoniae	87.82	derived_species_match	category_na	OK	na	99.14	GCA_000788015.1	86.8	type	Klebsiella pneumoniae subsp. pneumoniae	87.82	Klebsiella pneumoniae	Klebsiella pneumoniae									121		5461	127	5709	Best-placed reference protein set; GeneMarkS-2+	GCF_040029785.2-RS_2024_07_04	NCBI Prokaryotic Genome Annotation Pipeline (PGAP)	NCBI RefSeq	2024-07-04		6.7		HGAP v. 4			PRJNA1116332	PRJNA1116332			Klebsiella pneumoniae strain:HvKP51-KPC-TC Genome sequencing	SAMN41531519		isolation_source	sputum		PRJNA1116332						2019										Klebsiella pneumoniae		573	Microbe sample from Klebsiella pneumoniae			China:Nanchang	Homo sapiens				Sample name	HvKP51-KPC-TC				sputum	2024-05-25T05:01:04.570		Microbe, viral or environmental		The First Affiliated Hospital, Jiangxi Medical College, Nanchang University	Microbe.1.0		2024-05-25T00:00:00.000						live	2024-05-25T04:29:04.321	HvKP51-KPC-TC		2024-05-25T04:29:04.320						Complete Genome				ASM4002978v1		GCA_040029785.2				NCBI Prokaryotic Genome Annotation Pipeline (PGAP)				current		2024-07-03	PacBio Sequel	current	The First Affiliated Hospital, Jiangxi Medical College, Nanchang University			haploid	5793181	1	5436476		3302572	57	284	3	3		3	1	5436476	3	5793181	5793181	98.93	73.3746	0.54	Klebsiella pneumoniae	species	573	v1.2.4	GCF_040029785.2													HvKP51-KPC-TC	Klebsiella pneumoniae		573	SOURCE_DATABASE_REFSEQ					
GCF_040029785.2	99.14	GCA_000788015.1	86.8	type	Klebsiella pneumoniae	87.82	derived_species_match	category_na	OK	na	99.14	GCA_000788015.1	86.8	type	Klebsiella pneumoniae subsp. pneumoniae	87.82	Klebsiella pneumoniae	Klebsiella pneumoniae									121		5461	127	5709	Best-placed reference protein set; GeneMarkS-2+	GCF_040029785.2-RS_2024_07_04	NCBI Prokaryotic Genome Annotation Pipeline (PGAP)	NCBI RefSeq	2024-07-04		6.7		HGAP v. 4			PRJNA1116332	PRJNA1116332			Klebsiella pneumoniae strain:HvKP51-KPC-TC Genome sequencing	SAMN41531519		collection_date	2019		PRJNA1116332						2019										Klebsiella pneumoniae		573	Microbe sample from Klebsiella pneumoniae			China:Nanchang	Homo sapiens				Sample name	HvKP51-KPC-TC				sputum	2024-05-25T05:01:04.570		Microbe, viral or environmental		The First Affiliated Hospital, Jiangxi Medical College, Nanchang University	Microbe.1.0		2024-05-25T00:00:00.000						live	2024-05-25T04:29:04.321	HvKP51-KPC-TC		2024-05-25T04:29:04.320						Complete Genome				ASM4002978v1		GCA_040029785.2				NCBI Prokaryotic Genome Annotation Pipeline (PGAP)				current		2024-07-03	PacBio Sequel	current	The First Affiliated Hospital, Jiangxi Medical College, Nanchang University			haploid	5793181	1	5436476		3302572	57	284	3	3		3	1	5436476	3	5793181	5793181	98.93	73.3746	0.54	Klebsiella pneumoniae	species	573	v1.2.4	GCF_040029785.2													HvKP51-KPC-TC	Klebsiella pneumoniae		573	SOURCE_DATABASE_REFSEQ					
GCF_040029785.2	99.14	GCA_000788015.1	86.8	type	Klebsiella pneumoniae	87.82	derived_species_match	category_na	OK	na	99.14	GCA_000788015.1	86.8	type	Klebsiella pneumoniae subsp. pneumoniae	87.82	Klebsiella pneumoniae	Klebsiella pneumoniae									121		5461	127	5709	Best-placed reference protein set; GeneMarkS-2+	GCF_040029785.2-RS_2024_07_04	NCBI Prokaryotic Genome Annotation Pipeline (PGAP)	NCBI RefSeq	2024-07-04		6.7		HGAP v. 4			PRJNA1116332	PRJNA1116332			Klebsiella pneumoniae strain:HvKP51-KPC-TC Genome sequencing	SAMN41531519		geo_loc_name	China:Nanchang		PRJNA1116332						2019										Klebsiella pneumoniae		573	Microbe sample from Klebsiella pneumoniae			China:Nanchang	Homo sapiens				Sample name	HvKP51-KPC-TC				sputum	2024-05-25T05:01:04.570		Microbe, viral or environmental		The First Affiliated Hospital, Jiangxi Medical College, Nanchang University	Microbe.1.0		2024-05-25T00:00:00.000						live	2024-05-25T04:29:04.321	HvKP51-KPC-TC		2024-05-25T04:29:04.320						Complete Genome				ASM4002978v1		GCA_040029785.2				NCBI Prokaryotic Genome Annotation Pipeline (PGAP)				current		2024-07-03	PacBio Sequel	current	The First Affiliated Hospital, Jiangxi Medical College, Nanchang University			haploid	5793181	1	5436476		3302572	57	284	3	3		3	1	5436476	3	5793181	5793181	98.93	73.3746	0.54	Klebsiella pneumoniae	species	573	v1.2.4	GCF_040029785.2													HvKP51-KPC-TC	Klebsiella pneumoniae		573	SOURCE_DATABASE_REFSEQ					
GCF_040029785.2	99.14	GCA_000788015.1	86.8	type	Klebsiella pneumoniae	87.82	derived_species_match	category_na	OK	na	99.14	GCA_000788015.1	86.8	type	Klebsiella pneumoniae subsp. pneumoniae	87.82	Klebsiella pneumoniae	Klebsiella pneumoniae									121		5461	127	5709	Best-placed reference protein set; GeneMarkS-2+	GCF_040029785.2-RS_2024_07_04	NCBI Prokaryotic Genome Annotation Pipeline (PGAP)	NCBI RefSeq	2024-07-04		6.7		HGAP v. 4			PRJNA1116332	PRJNA1116332			Klebsiella pneumoniae strain:HvKP51-KPC-TC Genome sequencing	SAMN41531519		sample_type	whole organism		PRJNA1116332						2019										Klebsiella pneumoniae		573	Microbe sample from Klebsiella pneumoniae			China:Nanchang	Homo sapiens				Sample name	HvKP51-KPC-TC				sputum	2024-05-25T05:01:04.570		Microbe, viral or environmental		The First Affiliated Hospital, Jiangxi Medical College, Nanchang University	Microbe.1.0		2024-05-25T00:00:00.000						live	2024-05-25T04:29:04.321	HvKP51-KPC-TC		2024-05-25T04:29:04.320						Complete Genome				ASM4002978v1		GCA_040029785.2				NCBI Prokaryotic Genome Annotation Pipeline (PGAP)				current		2024-07-03	PacBio Sequel	current	The First Affiliated Hospital, Jiangxi Medical College, Nanchang University			haploid	5793181	1	5436476		3302572	57	284	3	3		3	1	5436476	3	5793181	5793181	98.93	73.3746	0.54	Klebsiella pneumoniae	species	573	v1.2.4	GCF_040029785.2													HvKP51-KPC-TC	Klebsiella pneumoniae		573	SOURCE_DATABASE_REFSEQ					
GCF_041022025.1	99.73	GCA_000788015.1	88.79	type	Klebsiella pneumoniae	90.94	derived_species_match	category_na	OK	na	99.73	GCA_000788015.1	88.79	type	Klebsiella pneumoniae subsp. pneumoniae	90.94	Klebsiella pneumoniae	Klebsiella pneumoniae									122		5610	165	5897	Best-placed reference protein set; GeneMarkS-2+	GCF_041022025.1-RS_2024_08_04	NCBI Prokaryotic Genome Annotation Pipeline (PGAP)	NCBI RefSeq	2024-08-04		6.7		HGAP v. 4			PRJNA1139232	PRJNA1139232			Klebsiella pneumoniae strain:NC9 Genome sequencing	SAMN42768047		strain	NC9		PRJNA1139232						2021										Klebsiella pneumoniae		573	Microbe sample from Klebsiella pneumoniae			China:Nanchang					Sample name	NC9				sputum	2024-07-23T21:01:04.940		Microbe, viral or environmental		First Affiliated Hospital of Nanchang University, Nanchang University, Nanchang	Microbe.1.0		2024-07-23T00:00:00.000						live	2024-07-23T20:38:04.149	NC9		2024-07-23T20:38:04.150						Complete Genome				ASM4102202v1		GCA_041022025.1				NCBI Prokaryotic Genome Annotation Pipeline (PGAP)				current		2024-08-03	PacBio Sequel2 hifi	current	First Affiliated Hospital of Nanchang University, Nanchang University, Nanchang			haploid	5864393	1	5417199		3342578	57	29.5	6	6		6	1	5417199	6	5864393	5864393	98.81	62.7207	0.38	Klebsiella pneumoniae	species	573	v1.2.4	GCF_041022025.1													NC9	Klebsiella pneumoniae		573	SOURCE_DATABASE_REFSEQ					
GCF_041022025.1	99.73	GCA_000788015.1	88.79	type	Klebsiella pneumoniae	90.94	derived_species_match	category_na	OK	na	99.73	GCA_000788015.1	88.79	type	Klebsiella pneumoniae subsp. pneumoniae	90.94	Klebsiella pneumoniae	Klebsiella pneumoniae									122		5610	165	5897	Best-placed reference protein set; GeneMarkS-2+	GCF_041022025.1-RS_2024_08_04	NCBI Prokaryotic Genome Annotation Pipeline (PGAP)	NCBI RefSeq	2024-08-04		6.7		HGAP v. 4			PRJNA1139232	PRJNA1139232			Klebsiella pneumoniae strain:NC9 Genome sequencing	SAMN42768047		isolation_source	sputum		PRJNA1139232						2021										Klebsiella pneumoniae		573	Microbe sample from Klebsiella pneumoniae			China:Nanchang					Sample name	NC9				sputum	2024-07-23T21:01:04.940		Microbe, viral or environmental		First Affiliated Hospital of Nanchang University, Nanchang University, Nanchang	Microbe.1.0		2024-07-23T00:00:00.000						live	2024-07-23T20:38:04.149	NC9		2024-07-23T20:38:04.150						Complete Genome				ASM4102202v1		GCA_041022025.1				NCBI Prokaryotic Genome Annotation Pipeline (PGAP)				current		2024-08-03	PacBio Sequel2 hifi	current	First Affiliated Hospital of Nanchang University, Nanchang University, Nanchang			haploid	5864393	1	5417199		3342578	57	29.5	6	6		6	1	5417199	6	5864393	5864393	98.81	62.7207	0.38	Klebsiella pneumoniae	species	573	v1.2.4	GCF_041022025.1													NC9	Klebsiella pneumoniae		573	SOURCE_DATABASE_REFSEQ					
GCF_041022025.1	99.73	GCA_000788015.1	88.79	type	Klebsiella pneumoniae	90.94	derived_species_match	category_na	OK	na	99.73	GCA_000788015.1	88.79	type	Klebsiella pneumoniae subsp. pneumoniae	90.94	Klebsiella pneumoniae	Klebsiella pneumoniae									122		5610	165	5897	Best-placed reference protein set; GeneMarkS-2+	GCF_041022025.1-RS_2024_08_04	NCBI Prokaryotic Genome Annotation Pipeline (PGAP)	NCBI RefSeq	2024-08-04		6.7		HGAP v. 4			PRJNA1139232	PRJNA1139232			Klebsiella pneumoniae strain:NC9 Genome sequencing	SAMN42768047		collection_date	2021		PRJNA1139232						2021										Klebsiella pneumoniae		573	Microbe sample from Klebsiella pneumoniae			China:Nanchang					Sample name	NC9				sputum	2024-07-23T21:01:04.940		Microbe, viral or environmental		First Affiliated Hospital of Nanchang University, Nanchang University, Nanchang	Microbe.1.0		2024-07-23T00:00:00.000						live	2024-07-23T20:38:04.149	NC9		2024-07-23T20:38:04.150						Complete Genome				ASM4102202v1		GCA_041022025.1				NCBI Prokaryotic Genome Annotation Pipeline (PGAP)				current		2024-08-03	PacBio Sequel2 hifi	current	First Affiliated Hospital of Nanchang University, Nanchang University, Nanchang			haploid	5864393	1	5417199		3342578	57	29.5	6	6		6	1	5417199	6	5864393	5864393	98.81	62.7207	0.38	Klebsiella pneumoniae	species	573	v1.2.4	GCF_041022025.1													NC9	Klebsiella pneumoniae		573	SOURCE_DATABASE_REFSEQ					
GCF_041022025.1	99.73	GCA_000788015.1	88.79	type	Klebsiella pneumoniae	90.94	derived_species_match	category_na	OK	na	99.73	GCA_000788015.1	88.79	type	Klebsiella pneumoniae subsp. pneumoniae	90.94	Klebsiella pneumoniae	Klebsiella pneumoniae									122		5610	165	5897	Best-placed reference protein set; GeneMarkS-2+	GCF_041022025.1-RS_2024_08_04	NCBI Prokaryotic Genome Annotation Pipeline (PGAP)	NCBI RefSeq	2024-08-04		6.7		HGAP v. 4			PRJNA1139232	PRJNA1139232			Klebsiella pneumoniae strain:NC9 Genome sequencing	SAMN42768047		geo_loc_name	China:Nanchang		PRJNA1139232						2021										Klebsiella pneumoniae		573	Microbe sample from Klebsiella pneumoniae			China:Nanchang					Sample name	NC9				sputum	2024-07-23T21:01:04.940		Microbe, viral or environmental		First Affiliated Hospital of Nanchang University, Nanchang University, Nanchang	Microbe.1.0		2024-07-23T00:00:00.000						live	2024-07-23T20:38:04.149	NC9		2024-07-23T20:38:04.150						Complete Genome				ASM4102202v1		GCA_041022025.1				NCBI Prokaryotic Genome Annotation Pipeline (PGAP)				current		2024-08-03	PacBio Sequel2 hifi	current	First Affiliated Hospital of Nanchang University, Nanchang University, Nanchang			haploid	5864393	1	5417199		3342578	57	29.5	6	6		6	1	5417199	6	5864393	5864393	98.81	62.7207	0.38	Klebsiella pneumoniae	species	573	v1.2.4	GCF_041022025.1													NC9	Klebsiella pneumoniae		573	SOURCE_DATABASE_REFSEQ					
GCF_041022025.1	99.73	GCA_000788015.1	88.79	type	Klebsiella pneumoniae	90.94	derived_species_match	category_na	OK	na	99.73	GCA_000788015.1	88.79	type	Klebsiella pneumoniae subsp. pneumoniae	90.94	Klebsiella pneumoniae	Klebsiella pneumoniae									122		5610	165	5897	Best-placed reference protein set; GeneMarkS-2+	GCF_041022025.1-RS_2024_08_04	NCBI Prokaryotic Genome Annotation Pipeline (PGAP)	NCBI RefSeq	2024-08-04		6.7		HGAP v. 4			PRJNA1139232	PRJNA1139232			Klebsiella pneumoniae strain:NC9 Genome sequencing	SAMN42768047		sample_type	whole organism		PRJNA1139232						2021										Klebsiella pneumoniae		573	Microbe sample from Klebsiella pneumoniae			China:Nanchang					Sample name	NC9				sputum	2024-07-23T21:01:04.940		Microbe, viral or environmental		First Affiliated Hospital of Nanchang University, Nanchang University, Nanchang	Microbe.1.0		2024-07-23T00:00:00.000						live	2024-07-23T20:38:04.149	NC9		2024-07-23T20:38:04.150						Complete Genome				ASM4102202v1		GCA_041022025.1				NCBI Prokaryotic Genome Annotation Pipeline (PGAP)				current		2024-08-03	PacBio Sequel2 hifi	current	First Affiliated Hospital of Nanchang University, Nanchang University, Nanchang			haploid	5864393	1	5417199		3342578	57	29.5	6	6		6	1	5417199	6	5864393	5864393	98.81	62.7207	0.38	Klebsiella pneumoniae	species	573	v1.2.4	GCF_041022025.1													NC9	Klebsiella pneumoniae		573	SOURCE_DATABASE_REFSEQ					
GCF_041022035.1	99.71	GCA_000788015.1	88.33	type	Klebsiella pneumoniae	91.34	derived_species_match	category_na	OK	na	99.71	GCA_000788015.1	88.33	type	Klebsiella pneumoniae subsp. pneumoniae	91.34	Klebsiella pneumoniae	Klebsiella pneumoniae									121		5671	172	5964	Best-placed reference protein set; GeneMarkS-2+	GCF_041022035.1-RS_2024_08_04	NCBI Prokaryotic Genome Annotation Pipeline (PGAP)	NCBI RefSeq	2024-08-04		6.7		canu v. 1.8			PRJNA1139245	PRJNA1139245			Klebsiella pneumoniae strain:NC20 Genome sequencing	SAMN42768431		strain	NC20		PRJNA1139245						2021										Klebsiella pneumoniae		573	Microbe sample from Klebsiella pneumoniae			China:Nanchang	Homo sapiens				Sample name	NC20				ascites	2024-07-23T22:01:19.623		Microbe, viral or environmental		First Affiliated Hospital of Nanchang University, Nanchang University, Nanchang	Microbe.1.0		2024-07-23T00:00:00.000						live	2024-07-23T21:25:04.279	NC20		2024-07-23T21:25:04.280						Complete Genome				ASM4102203v1		GCA_041022035.1				NCBI Prokaryotic Genome Annotation Pipeline (PGAP)				current		2024-08-03	PacBio Sequel2 hifi	current	First Affiliated Hospital of Nanchang University, Nanchang University, Nanchang			haploid	5921365	1	5480768		3372665	57	28	6	6		6	1	5480768	6	5921365	5921365	99.07	88.0407	0.43	Klebsiella pneumoniae	species	573	v1.2.4	GCF_041022035.1													NC20	Klebsiella pneumoniae		573	SOURCE_DATABASE_REFSEQ					
GCF_041022035.1	99.71	GCA_000788015.1	88.33	type	Klebsiella pneumoniae	91.34	derived_species_match	category_na	OK	na	99.71	GCA_000788015.1	88.33	type	Klebsiella pneumoniae subsp. pneumoniae	91.34	Klebsiella pneumoniae	Klebsiella pneumoniae									121		5671	172	5964	Best-placed reference protein set; GeneMarkS-2+	GCF_041022035.1-RS_2024_08_04	NCBI Prokaryotic Genome Annotation Pipeline (PGAP)	NCBI RefSeq	2024-08-04		6.7		canu v. 1.8			PRJNA1139245	PRJNA1139245			Klebsiella pneumoniae strain:NC20 Genome sequencing	SAMN42768431		host	Homo sapiens		PRJNA1139245						2021										Klebsiella pneumoniae		573	Microbe sample from Klebsiella pneumoniae			China:Nanchang	Homo sapiens				Sample name	NC20				ascites	2024-07-23T22:01:19.623		Microbe, viral or environmental		First Affiliated Hospital of Nanchang University, Nanchang University, Nanchang	Microbe.1.0		2024-07-23T00:00:00.000						live	2024-07-23T21:25:04.279	NC20		2024-07-23T21:25:04.280						Complete Genome				ASM4102203v1		GCA_041022035.1				NCBI Prokaryotic Genome Annotation Pipeline (PGAP)				current		2024-08-03	PacBio Sequel2 hifi	current	First Affiliated Hospital of Nanchang University, Nanchang University, Nanchang			haploid	5921365	1	5480768		3372665	57	28	6	6		6	1	5480768	6	5921365	5921365	99.07	88.0407	0.43	Klebsiella pneumoniae	species	573	v1.2.4	GCF_041022035.1													NC20	Klebsiella pneumoniae		573	SOURCE_DATABASE_REFSEQ					
GCF_041022035.1	99.71	GCA_000788015.1	88.33	type	Klebsiella pneumoniae	91.34	derived_species_match	category_na	OK	na	99.71	GCA_000788015.1	88.33	type	Klebsiella pneumoniae subsp. pneumoniae	91.34	Klebsiella pneumoniae	Klebsiella pneumoniae									121		5671	172	5964	Best-placed reference protein set; GeneMarkS-2+	GCF_041022035.1-RS_2024_08_04	NCBI Prokaryotic Genome Annotation Pipeline (PGAP)	NCBI RefSeq	2024-08-04		6.7		canu v. 1.8			PRJNA1139245	PRJNA1139245			Klebsiella pneumoniae strain:NC20 Genome sequencing	SAMN42768431		isolation_source	ascites		PRJNA1139245						2021										Klebsiella pneumoniae		573	Microbe sample from Klebsiella pneumoniae			China:Nanchang	Homo sapiens				Sample name	NC20				ascites	2024-07-23T22:01:19.623		Microbe, viral or environmental		First Affiliated Hospital of Nanchang University, Nanchang University, Nanchang	Microbe.1.0		2024-07-23T00:00:00.000						live	2024-07-23T21:25:04.279	NC20		2024-07-23T21:25:04.280						Complete Genome				ASM4102203v1		GCA_041022035.1				NCBI Prokaryotic Genome Annotation Pipeline (PGAP)				current		2024-08-03	PacBio Sequel2 hifi	current	First Affiliated Hospital of Nanchang University, Nanchang University, Nanchang			haploid	5921365	1	5480768		3372665	57	28	6	6		6	1	5480768	6	5921365	5921365	99.07	88.0407	0.43	Klebsiella pneumoniae	species	573	v1.2.4	GCF_041022035.1													NC20	Klebsiella pneumoniae		573	SOURCE_DATABASE_REFSEQ					
GCF_041022035.1	99.71	GCA_000788015.1	88.33	type	Klebsiella pneumoniae	91.34	derived_species_match	category_na	OK	na	99.71	GCA_000788015.1	88.33	type	Klebsiella pneumoniae subsp. pneumoniae	91.34	Klebsiella pneumoniae	Klebsiella pneumoniae									121		5671	172	5964	Best-placed reference protein set; GeneMarkS-2+	GCF_041022035.1-RS_2024_08_04	NCBI Prokaryotic Genome Annotation Pipeline (PGAP)	NCBI RefSeq	2024-08-04		6.7		canu v. 1.8			PRJNA1139245	PRJNA1139245			Klebsiella pneumoniae strain:NC20 Genome sequencing	SAMN42768431		collection_date	2021		PRJNA1139245						2021										Klebsiella pneumoniae		573	Microbe sample from Klebsiella pneumoniae			China:Nanchang	Homo sapiens				Sample name	NC20				ascites	2024-07-23T22:01:19.623		Microbe, viral or environmental		First Affiliated Hospital of Nanchang University, Nanchang University, Nanchang	Microbe.1.0		2024-07-23T00:00:00.000						live	2024-07-23T21:25:04.279	NC20		2024-07-23T21:25:04.280						Complete Genome				ASM4102203v1		GCA_041022035.1				NCBI Prokaryotic Genome Annotation Pipeline (PGAP)				current		2024-08-03	PacBio Sequel2 hifi	current	First Affiliated Hospital of Nanchang University, Nanchang University, Nanchang			haploid	5921365	1	5480768		3372665	57	28	6	6		6	1	5480768	6	5921365	5921365	99.07	88.0407	0.43	Klebsiella pneumoniae	species	573	v1.2.4	GCF_041022035.1													NC20	Klebsiella pneumoniae		573	SOURCE_DATABASE_REFSEQ					
GCF_041022035.1	99.71	GCA_000788015.1	88.33	type	Klebsiella pneumoniae	91.34	derived_species_match	category_na	OK	na	99.71	GCA_000788015.1	88.33	type	Klebsiella pneumoniae subsp. pneumoniae	91.34	Klebsiella pneumoniae	Klebsiella pneumoniae									121		5671	172	5964	Best-placed reference protein set; GeneMarkS-2+	GCF_041022035.1-RS_2024_08_04	NCBI Prokaryotic Genome Annotation Pipeline (PGAP)	NCBI RefSeq	2024-08-04		6.7		canu v. 1.8			PRJNA1139245	PRJNA1139245			Klebsiella pneumoniae strain:NC20 Genome sequencing	SAMN42768431		geo_loc_name	China:Nanchang		PRJNA1139245						2021										Klebsiella pneumoniae		573	Microbe sample from Klebsiella pneumoniae			China:Nanchang	Homo sapiens				Sample name	NC20				ascites	2024-07-23T22:01:19.623		Microbe, viral or environmental		First Affiliated Hospital of Nanchang University, Nanchang University, Nanchang	Microbe.1.0		2024-07-23T00:00:00.000						live	2024-07-23T21:25:04.279	NC20		2024-07-23T21:25:04.280						Complete Genome				ASM4102203v1		GCA_041022035.1				NCBI Prokaryotic Genome Annotation Pipeline (PGAP)				current		2024-08-03	PacBio Sequel2 hifi	current	First Affiliated Hospital of Nanchang University, Nanchang University, Nanchang			haploid	5921365	1	5480768		3372665	57	28	6	6		6	1	5480768	6	5921365	5921365	99.07	88.0407	0.43	Klebsiella pneumoniae	species	573	v1.2.4	GCF_041022035.1													NC20	Klebsiella pneumoniae		573	SOURCE_DATABASE_REFSEQ					
GCF_041022035.1	99.71	GCA_000788015.1	88.33	type	Klebsiella pneumoniae	91.34	derived_species_match	category_na	OK	na	99.71	GCA_000788015.1	88.33	type	Klebsiella pneumoniae subsp. pneumoniae	91.34	Klebsiella pneumoniae	Klebsiella pneumoniae									121		5671	172	5964	Best-placed reference protein set; GeneMarkS-2+	GCF_041022035.1-RS_2024_08_04	NCBI Prokaryotic Genome Annotation Pipeline (PGAP)	NCBI RefSeq	2024-08-04		6.7		canu v. 1.8			PRJNA1139245	PRJNA1139245			Klebsiella pneumoniae strain:NC20 Genome sequencing	SAMN42768431		sample_type	whole organism		PRJNA1139245						2021										Klebsiella pneumoniae		573	Microbe sample from Klebsiella pneumoniae			China:Nanchang	Homo sapiens				Sample name	NC20				ascites	2024-07-23T22:01:19.623		Microbe, viral or environmental		First Affiliated Hospital of Nanchang University, Nanchang University, Nanchang	Microbe.1.0		2024-07-23T00:00:00.000						live	2024-07-23T21:25:04.279	NC20		2024-07-23T21:25:04.280						Complete Genome				ASM4102203v1		GCA_041022035.1				NCBI Prokaryotic Genome Annotation Pipeline (PGAP)				current		2024-08-03	PacBio Sequel2 hifi	current	First Affiliated Hospital of Nanchang University, Nanchang University, Nanchang			haploid	5921365	1	5480768		3372665	57	28	6	6		6	1	5480768	6	5921365	5921365	99.07	88.0407	0.43	Klebsiella pneumoniae	species	573	v1.2.4	GCF_041022035.1													NC20	Klebsiella pneumoniae		573	SOURCE_DATABASE_REFSEQ					
GCF_041022045.1	99.71	GCA_000788015.1	88.56	type	Klebsiella pneumoniae	91.44	derived_species_match	category_na	OK	na	99.71	GCA_000788015.1	88.56	type	Klebsiella pneumoniae subsp. pneumoniae	91.44	Klebsiella pneumoniae	Klebsiella pneumoniae									122		5651	185	5958	Best-placed reference protein set; GeneMarkS-2+	GCF_041022045.1-RS_2024_08_04	NCBI Prokaryotic Genome Annotation Pipeline (PGAP)	NCBI RefSeq	2024-08-04		6.7		canu v. 1.8			PRJNA1139252	PRJNA1139252			Klebsiella pneumoniae strain:NC31 Genome sequencing	SAMN42768480		strain	NC31		PRJNA1139252						2021										Klebsiella pneumoniae		573	Microbe sample from Klebsiella pneumoniae			China:Nanchang	Homo sapiens				Sample name	NC31				blood	2024-07-23T22:01:24.490		Microbe, viral or environmental		First Affiliated Hospital of Nanchang University, Nanchang University, Nanchang	Microbe.1.0		2024-07-23T00:00:00.000						live	2024-07-23T21:41:03.930	NC31		2024-07-23T21:41:03.930						Complete Genome				ASM4102204v1		GCA_041022045.1				NCBI Prokaryotic Genome Annotation Pipeline (PGAP)				current		2024-08-03	PacBio Sequel2 hifi	current	First Affiliated Hospital of Nanchang University, Nanchang University, Nanchang			haploid	5911592	1	5487368		3367738	57	27	6	6		6	1	5487368	6	5911592	5911592	99.07	88.0407	0.25	Klebsiella pneumoniae	species	573	v1.2.4	GCF_041022045.1													NC31	Klebsiella pneumoniae		573	SOURCE_DATABASE_REFSEQ					
GCF_041022045.1	99.71	GCA_000788015.1	88.56	type	Klebsiella pneumoniae	91.44	derived_species_match	category_na	OK	na	99.71	GCA_000788015.1	88.56	type	Klebsiella pneumoniae subsp. pneumoniae	91.44	Klebsiella pneumoniae	Klebsiella pneumoniae									122		5651	185	5958	Best-placed reference protein set; GeneMarkS-2+	GCF_041022045.1-RS_2024_08_04	NCBI Prokaryotic Genome Annotation Pipeline (PGAP)	NCBI RefSeq	2024-08-04		6.7		canu v. 1.8			PRJNA1139252	PRJNA1139252			Klebsiella pneumoniae strain:NC31 Genome sequencing	SAMN42768480		host	Homo sapiens		PRJNA1139252						2021										Klebsiella pneumoniae		573	Microbe sample from Klebsiella pneumoniae			China:Nanchang	Homo sapiens				Sample name	NC31				blood	2024-07-23T22:01:24.490		Microbe, viral or environmental		First Affiliated Hospital of Nanchang University, Nanchang University, Nanchang	Microbe.1.0		2024-07-23T00:00:00.000						live	2024-07-23T21:41:03.930	NC31		2024-07-23T21:41:03.930						Complete Genome				ASM4102204v1		GCA_041022045.1				NCBI Prokaryotic Genome Annotation Pipeline (PGAP)				current		2024-08-03	PacBio Sequel2 hifi	current	First Affiliated Hospital of Nanchang University, Nanchang University, Nanchang			haploid	5911592	1	5487368		3367738	57	27	6	6		6	1	5487368	6	5911592	5911592	99.07	88.0407	0.25	Klebsiella pneumoniae	species	573	v1.2.4	GCF_041022045.1													NC31	Klebsiella pneumoniae		573	SOURCE_DATABASE_REFSEQ					
GCF_041022045.1	99.71	GCA_000788015.1	88.56	type	Klebsiella pneumoniae	91.44	derived_species_match	category_na	OK	na	99.71	GCA_000788015.1	88.56	type	Klebsiella pneumoniae subsp. pneumoniae	91.44	Klebsiella pneumoniae	Klebsiella pneumoniae									122		5651	185	5958	Best-placed reference protein set; GeneMarkS-2+	GCF_041022045.1-RS_2024_08_04	NCBI Prokaryotic Genome Annotation Pipeline (PGAP)	NCBI RefSeq	2024-08-04		6.7		canu v. 1.8			PRJNA1139252	PRJNA1139252			Klebsiella pneumoniae strain:NC31 Genome sequencing	SAMN42768480		isolation_source	blood		PRJNA1139252						2021										Klebsiella pneumoniae		573	Microbe sample from Klebsiella pneumoniae			China:Nanchang	Homo sapiens				Sample name	NC31				blood	2024-07-23T22:01:24.490		Microbe, viral or environmental		First Affiliated Hospital of Nanchang University, Nanchang University, Nanchang	Microbe.1.0		2024-07-23T00:00:00.000						live	2024-07-23T21:41:03.930	NC31		2024-07-23T21:41:03.930						Complete Genome				ASM4102204v1		GCA_041022045.1				NCBI Prokaryotic Genome Annotation Pipeline (PGAP)				current		2024-08-03	PacBio Sequel2 hifi	current	First Affiliated Hospital of Nanchang University, Nanchang University, Nanchang			haploid	5911592	1	5487368		3367738	57	27	6	6		6	1	5487368	6	5911592	5911592	99.07	88.0407	0.25	Klebsiella pneumoniae	species	573	v1.2.4	GCF_041022045.1													NC31	Klebsiella pneumoniae		573	SOURCE_DATABASE_REFSEQ					
GCF_041022045.1	99.71	GCA_000788015.1	88.56	type	Klebsiella pneumoniae	91.44	derived_species_match	category_na	OK	na	99.71	GCA_000788015.1	88.56	type	Klebsiella pneumoniae subsp. pneumoniae	91.44	Klebsiella pneumoniae	Klebsiella pneumoniae									122		5651	185	5958	Best-placed reference protein set; GeneMarkS-2+	GCF_041022045.1-RS_2024_08_04	NCBI Prokaryotic Genome Annotation Pipeline (PGAP)	NCBI RefSeq	2024-08-04		6.7		canu v. 1.8			PRJNA1139252	PRJNA1139252			Klebsiella pneumoniae strain:NC31 Genome sequencing	SAMN42768480		collection_date	2021		PRJNA1139252						2021										Klebsiella pneumoniae		573	Microbe sample from Klebsiella pneumoniae			China:Nanchang	Homo sapiens				Sample name	NC31				blood	2024-07-23T22:01:24.490		Microbe, viral or environmental		First Affiliated Hospital of Nanchang University, Nanchang University, Nanchang	Microbe.1.0		2024-07-23T00:00:00.000						live	2024-07-23T21:41:03.930	NC31		2024-07-23T21:41:03.930						Complete Genome				ASM4102204v1		GCA_041022045.1				NCBI Prokaryotic Genome Annotation Pipeline (PGAP)				current		2024-08-03	PacBio Sequel2 hifi	current	First Affiliated Hospital of Nanchang University, Nanchang University, Nanchang			haploid	5911592	1	5487368		3367738	57	27	6	6		6	1	5487368	6	5911592	5911592	99.07	88.0407	0.25	Klebsiella pneumoniae	species	573	v1.2.4	GCF_041022045.1													NC31	Klebsiella pneumoniae		573	SOURCE_DATABASE_REFSEQ					
GCF_041022045.1	99.71	GCA_000788015.1	88.56	type	Klebsiella pneumoniae	91.44	derived_species_match	category_na	OK	na	99.71	GCA_000788015.1	88.56	type	Klebsiella pneumoniae subsp. pneumoniae	91.44	Klebsiella pneumoniae	Klebsiella pneumoniae									122		5651	185	5958	Best-placed reference protein set; GeneMarkS-2+	GCF_041022045.1-RS_2024_08_04	NCBI Prokaryotic Genome Annotation Pipeline (PGAP)	NCBI RefSeq	2024-08-04		6.7		canu v. 1.8			PRJNA1139252	PRJNA1139252			Klebsiella pneumoniae strain:NC31 Genome sequencing	SAMN42768480		geo_loc_name	China:Nanchang		PRJNA1139252						2021										Klebsiella pneumoniae		573	Microbe sample from Klebsiella pneumoniae			China:Nanchang	Homo sapiens				Sample name	NC31				blood	2024-07-23T22:01:24.490		Microbe, viral or environmental		First Affiliated Hospital of Nanchang University, Nanchang University, Nanchang	Microbe.1.0		2024-07-23T00:00:00.000						live	2024-07-23T21:41:03.930	NC31		2024-07-23T21:41:03.930						Complete Genome				ASM4102204v1		GCA_041022045.1				NCBI Prokaryotic Genome Annotation Pipeline (PGAP)				current		2024-08-03	PacBio Sequel2 hifi	current	First Affiliated Hospital of Nanchang University, Nanchang University, Nanchang			haploid	5911592	1	5487368		3367738	57	27	6	6		6	1	5487368	6	5911592	5911592	99.07	88.0407	0.25	Klebsiella pneumoniae	species	573	v1.2.4	GCF_041022045.1													NC31	Klebsiella pneumoniae		573	SOURCE_DATABASE_REFSEQ					
GCF_041022045.1	99.71	GCA_000788015.1	88.56	type	Klebsiella pneumoniae	91.44	derived_species_match	category_na	OK	na	99.71	GCA_000788015.1	88.56	type	Klebsiella pneumoniae subsp. pneumoniae	91.44	Klebsiella pneumoniae	Klebsiella pneumoniae									122		5651	185	5958	Best-placed reference protein set; GeneMarkS-2+	GCF_041022045.1-RS_2024_08_04	NCBI Prokaryotic Genome Annotation Pipeline (PGAP)	NCBI RefSeq	2024-08-04		6.7		canu v. 1.8			PRJNA1139252	PRJNA1139252			Klebsiella pneumoniae strain:NC31 Genome sequencing	SAMN42768480		sample_type	whole organism		PRJNA1139252						2021										Klebsiella pneumoniae		573	Microbe sample from Klebsiella pneumoniae			China:Nanchang	Homo sapiens				Sample name	NC31				blood	2024-07-23T22:01:24.490		Microbe, viral or environmental		First Affiliated Hospital of Nanchang University, Nanchang University, Nanchang	Microbe.1.0		2024-07-23T00:00:00.000						live	2024-07-23T21:41:03.930	NC31		2024-07-23T21:41:03.930						Complete Genome				ASM4102204v1		GCA_041022045.1				NCBI Prokaryotic Genome Annotation Pipeline (PGAP)				current		2024-08-03	PacBio Sequel2 hifi	current	First Affiliated Hospital of Nanchang University, Nanchang University, Nanchang			haploid	5911592	1	5487368		3367738	57	27	6	6		6	1	5487368	6	5911592	5911592	99.07	88.0407	0.25	Klebsiella pneumoniae	species	573	v1.2.4	GCF_041022045.1													NC31	Klebsiella pneumoniae		573	SOURCE_DATABASE_REFSEQ					
GCF_041022055.1	99.68	GCA_000788015.1	88.19	type	Klebsiella pneumoniae	92.31	derived_species_match	category_na	OK	na	99.68	GCA_000788015.1	88.19	type	Klebsiella pneumoniae subsp. pneumoniae	92.31	Klebsiella pneumoniae	Klebsiella pneumoniae									122		5739	189	6050	Best-placed reference protein set; GeneMarkS-2+	GCF_041022055.1-RS_2024_08_04	NCBI Prokaryotic Genome Annotation Pipeline (PGAP)	NCBI RefSeq	2024-08-04		6.7		canu v. 1.8			PRJNA1139253	PRJNA1139253			Klebsiella pneumoniae strain:NC75 Genome sequencing	SAMN42768481		strain	NC75		PRJNA1139253						2021										Klebsiella pneumoniae		573	Microbe sample from Klebsiella pneumoniae			China:Nanchang	Homo sapiens				Sample name	NC75				sputum	2024-07-23T22:01:24.553		Microbe, viral or environmental		First Affiliated Hospital of Nanchang University, Nanchang University, Nanchang	Microbe.1.0		2024-07-23T00:00:00.000						live	2024-07-23T21:49:04.699	NC75		2024-07-23T21:49:04.700						Complete Genome				ASM4102205v1		GCA_041022055.1				NCBI Prokaryotic Genome Annotation Pipeline (PGAP)				current		2024-08-03	PacBio Sequel2 hifi	current	First Affiliated Hospital of Nanchang University, Nanchang University, Nanchang			haploid	5993431	1	5453912		3409846	57	31	6	6		6	1	5453912	6	5993431	5993431	98.79	61.6204	0.51	Klebsiella pneumoniae	species	573	v1.2.4	GCF_041022055.1													NC75	Klebsiella pneumoniae		573	SOURCE_DATABASE_REFSEQ					
GCF_041022055.1	99.68	GCA_000788015.1	88.19	type	Klebsiella pneumoniae	92.31	derived_species_match	category_na	OK	na	99.68	GCA_000788015.1	88.19	type	Klebsiella pneumoniae subsp. pneumoniae	92.31	Klebsiella pneumoniae	Klebsiella pneumoniae									122		5739	189	6050	Best-placed reference protein set; GeneMarkS-2+	GCF_041022055.1-RS_2024_08_04	NCBI Prokaryotic Genome Annotation Pipeline (PGAP)	NCBI RefSeq	2024-08-04		6.7		canu v. 1.8			PRJNA1139253	PRJNA1139253			Klebsiella pneumoniae strain:NC75 Genome sequencing	SAMN42768481		host	Homo sapiens		PRJNA1139253						2021										Klebsiella pneumoniae		573	Microbe sample from Klebsiella pneumoniae			China:Nanchang	Homo sapiens				Sample name	NC75				sputum	2024-07-23T22:01:24.553		Microbe, viral or environmental		First Affiliated Hospital of Nanchang University, Nanchang University, Nanchang	Microbe.1.0		2024-07-23T00:00:00.000						live	2024-07-23T21:49:04.699	NC75		2024-07-23T21:49:04.700						Complete Genome				ASM4102205v1		GCA_041022055.1				NCBI Prokaryotic Genome Annotation Pipeline (PGAP)				current		2024-08-03	PacBio Sequel2 hifi	current	First Affiliated Hospital of Nanchang University, Nanchang University, Nanchang			haploid	5993431	1	5453912		3409846	57	31	6	6		6	1	5453912	6	5993431	5993431	98.79	61.6204	0.51	Klebsiella pneumoniae	species	573	v1.2.4	GCF_041022055.1													NC75	Klebsiella pneumoniae		573	SOURCE_DATABASE_REFSEQ					
GCF_041022055.1	99.68	GCA_000788015.1	88.19	type	Klebsiella pneumoniae	92.31	derived_species_match	category_na	OK	na	99.68	GCA_000788015.1	88.19	type	Klebsiella pneumoniae subsp. pneumoniae	92.31	Klebsiella pneumoniae	Klebsiella pneumoniae									122		5739	189	6050	Best-placed reference protein set; GeneMarkS-2+	GCF_041022055.1-RS_2024_08_04	NCBI Prokaryotic Genome Annotation Pipeline (PGAP)	NCBI RefSeq	2024-08-04		6.7		canu v. 1.8			PRJNA1139253	PRJNA1139253			Klebsiella pneumoniae strain:NC75 Genome sequencing	SAMN42768481		isolation_source	sputum		PRJNA1139253						2021										Klebsiella pneumoniae		573	Microbe sample from Klebsiella pneumoniae			China:Nanchang	Homo sapiens				Sample name	NC75				sputum	2024-07-23T22:01:24.553		Microbe, viral or environmental		First Affiliated Hospital of Nanchang University, Nanchang University, Nanchang	Microbe.1.0		2024-07-23T00:00:00.000						live	2024-07-23T21:49:04.699	NC75		2024-07-23T21:49:04.700						Complete Genome				ASM4102205v1		GCA_041022055.1				NCBI Prokaryotic Genome Annotation Pipeline (PGAP)				current		2024-08-03	PacBio Sequel2 hifi	current	First Affiliated Hospital of Nanchang University, Nanchang University, Nanchang			haploid	5993431	1	5453912		3409846	57	31	6	6		6	1	5453912	6	5993431	5993431	98.79	61.6204	0.51	Klebsiella pneumoniae	species	573	v1.2.4	GCF_041022055.1													NC75	Klebsiella pneumoniae		573	SOURCE_DATABASE_REFSEQ					
GCF_041022055.1	99.68	GCA_000788015.1	88.19	type	Klebsiella pneumoniae	92.31	derived_species_match	category_na	OK	na	99.68	GCA_000788015.1	88.19	type	Klebsiella pneumoniae subsp. pneumoniae	92.31	Klebsiella pneumoniae	Klebsiella pneumoniae									122		5739	189	6050	Best-placed reference protein set; GeneMarkS-2+	GCF_041022055.1-RS_2024_08_04	NCBI Prokaryotic Genome Annotation Pipeline (PGAP)	NCBI RefSeq	2024-08-04		6.7		canu v. 1.8			PRJNA1139253	PRJNA1139253			Klebsiella pneumoniae strain:NC75 Genome sequencing	SAMN42768481		collection_date	2021		PRJNA1139253						2021										Klebsiella pneumoniae		573	Microbe sample from Klebsiella pneumoniae			China:Nanchang	Homo sapiens				Sample name	NC75				sputum	2024-07-23T22:01:24.553		Microbe, viral or environmental		First Affiliated Hospital of Nanchang University, Nanchang University, Nanchang	Microbe.1.0		2024-07-23T00:00:00.000						live	2024-07-23T21:49:04.699	NC75		2024-07-23T21:49:04.700						Complete Genome				ASM4102205v1		GCA_041022055.1				NCBI Prokaryotic Genome Annotation Pipeline (PGAP)				current		2024-08-03	PacBio Sequel2 hifi	current	First Affiliated Hospital of Nanchang University, Nanchang University, Nanchang			haploid	5993431	1	5453912		3409846	57	31	6	6		6	1	5453912	6	5993431	5993431	98.79	61.6204	0.51	Klebsiella pneumoniae	species	573	v1.2.4	GCF_041022055.1													NC75	Klebsiella pneumoniae		573	SOURCE_DATABASE_REFSEQ					
GCF_041022055.1	99.68	GCA_000788015.1	88.19	type	Klebsiella pneumoniae	92.31	derived_species_match	category_na	OK	na	99.68	GCA_000788015.1	88.19	type	Klebsiella pneumoniae subsp. pneumoniae	92.31	Klebsiella pneumoniae	Klebsiella pneumoniae									122		5739	189	6050	Best-placed reference protein set; GeneMarkS-2+	GCF_041022055.1-RS_2024_08_04	NCBI Prokaryotic Genome Annotation Pipeline (PGAP)	NCBI RefSeq	2024-08-04		6.7		canu v. 1.8			PRJNA1139253	PRJNA1139253			Klebsiella pneumoniae strain:NC75 Genome sequencing	SAMN42768481		geo_loc_name	China:Nanchang		PRJNA1139253						2021										Klebsiella pneumoniae		573	Microbe sample from Klebsiella pneumoniae			China:Nanchang	Homo sapiens				Sample name	NC75				sputum	2024-07-23T22:01:24.553		Microbe, viral or environmental		First Affiliated Hospital of Nanchang University, Nanchang University, Nanchang	Microbe.1.0		2024-07-23T00:00:00.000						live	2024-07-23T21:49:04.699	NC75		2024-07-23T21:49:04.700						Complete Genome				ASM4102205v1		GCA_041022055.1				NCBI Prokaryotic Genome Annotation Pipeline (PGAP)				current		2024-08-03	PacBio Sequel2 hifi	current	First Affiliated Hospital of Nanchang University, Nanchang University, Nanchang			haploid	5993431	1	5453912		3409846	57	31	6	6		6	1	5453912	6	5993431	5993431	98.79	61.6204	0.51	Klebsiella pneumoniae	species	573	v1.2.4	GCF_041022055.1													NC75	Klebsiella pneumoniae		573	SOURCE_DATABASE_REFSEQ					
GCF_041022055.1	99.68	GCA_000788015.1	88.19	type	Klebsiella pneumoniae	92.31	derived_species_match	category_na	OK	na	99.68	GCA_000788015.1	88.19	type	Klebsiella pneumoniae subsp. pneumoniae	92.31	Klebsiella pneumoniae	Klebsiella pneumoniae									122		5739	189	6050	Best-placed reference protein set; GeneMarkS-2+	GCF_041022055.1-RS_2024_08_04	NCBI Prokaryotic Genome Annotation Pipeline (PGAP)	NCBI RefSeq	2024-08-04		6.7		canu v. 1.8			PRJNA1139253	PRJNA1139253			Klebsiella pneumoniae strain:NC75 Genome sequencing	SAMN42768481		sample_type	whole organism		PRJNA1139253						2021										Klebsiella pneumoniae		573	Microbe sample from Klebsiella pneumoniae			China:Nanchang	Homo sapiens				Sample name	NC75				sputum	2024-07-23T22:01:24.553		Microbe, viral or environmental		First Affiliated Hospital of Nanchang University, Nanchang University, Nanchang	Microbe.1.0		2024-07-23T00:00:00.000						live	2024-07-23T21:49:04.699	NC75		2024-07-23T21:49:04.700						Complete Genome				ASM4102205v1		GCA_041022055.1				NCBI Prokaryotic Genome Annotation Pipeline (PGAP)				current		2024-08-03	PacBio Sequel2 hifi	current	First Affiliated Hospital of Nanchang University, Nanchang University, Nanchang			haploid	5993431	1	5453912		3409846	57	31	6	6		6	1	5453912	6	5993431	5993431	98.79	61.6204	0.51	Klebsiella pneumoniae	species	573	v1.2.4	GCF_041022055.1													NC75	Klebsiella pneumoniae		573	SOURCE_DATABASE_REFSEQ					
GCF_041022065.1	99.74	GCA_000788015.1	91.24	type	Klebsiella pneumoniae	91.71	derived_species_match	category_na	OK	na	99.74	GCA_000788015.1	91.24	type	Klebsiella pneumoniae subsp. pneumoniae	91.71	Klebsiella pneumoniae	Klebsiella pneumoniae									122		5505	150	5777	Best-placed reference protein set; GeneMarkS-2+	GCF_041022065.1-RS_2024_08_04	NCBI Prokaryotic Genome Annotation Pipeline (PGAP)	NCBI RefSeq	2024-08-04		6.7		canu v. 1.8			PRJNA1139309	PRJNA1139309			Klebsiella pneumoniae strain:NC133 Genome sequencing	SAMN42768869		strain	NC133		PRJNA1139309						2021										Klebsiella pneumoniae		573	Microbe sample from Klebsiella pneumoniae			China:Nanchang	Homo sapiens				Sample name	NC133				ascites	2024-07-23T23:01:07.130		Microbe, viral or environmental		First Affiliated Hospital of Nanchang University, Nanchang University, Nanchang	Microbe.1.0		2024-07-23T00:00:00.000						live	2024-07-23T22:19:03.855	NC133		2024-07-23T22:19:03.857						Complete Genome				ASM4102206v1		GCA_041022065.1				NCBI Prokaryotic Genome Annotation Pipeline (PGAP)				current		2024-08-03	PacBio Sequel2 hifi	current	First Affiliated Hospital of Nanchang University, Nanchang University, Nanchang			haploid	5755768	1	5416169		3290196	57	46	4	4		4	1	5416169	4	5755768	5755768	98.81	62.7207	0.36	Klebsiella pneumoniae	species	573	v1.2.4	GCF_041022065.1													NC133	Klebsiella pneumoniae		573	SOURCE_DATABASE_REFSEQ					
GCF_041022065.1	99.74	GCA_000788015.1	91.24	type	Klebsiella pneumoniae	91.71	derived_species_match	category_na	OK	na	99.74	GCA_000788015.1	91.24	type	Klebsiella pneumoniae subsp. pneumoniae	91.71	Klebsiella pneumoniae	Klebsiella pneumoniae									122		5505	150	5777	Best-placed reference protein set; GeneMarkS-2+	GCF_041022065.1-RS_2024_08_04	NCBI Prokaryotic Genome Annotation Pipeline (PGAP)	NCBI RefSeq	2024-08-04		6.7		canu v. 1.8			PRJNA1139309	PRJNA1139309			Klebsiella pneumoniae strain:NC133 Genome sequencing	SAMN42768869		host	Homo sapiens		PRJNA1139309						2021										Klebsiella pneumoniae		573	Microbe sample from Klebsiella pneumoniae			China:Nanchang	Homo sapiens				Sample name	NC133				ascites	2024-07-23T23:01:07.130		Microbe, viral or environmental		First Affiliated Hospital of Nanchang University, Nanchang University, Nanchang	Microbe.1.0		2024-07-23T00:00:00.000						live	2024-07-23T22:19:03.855	NC133		2024-07-23T22:19:03.857						Complete Genome				ASM4102206v1		GCA_041022065.1				NCBI Prokaryotic Genome Annotation Pipeline (PGAP)				current		2024-08-03	PacBio Sequel2 hifi	current	First Affiliated Hospital of Nanchang University, Nanchang University, Nanchang			haploid	5755768	1	5416169		3290196	57	46	4	4		4	1	5416169	4	5755768	5755768	98.81	62.7207	0.36	Klebsiella pneumoniae	species	573	v1.2.4	GCF_041022065.1													NC133	Klebsiella pneumoniae		573	SOURCE_DATABASE_REFSEQ					
GCF_041022065.1	99.74	GCA_000788015.1	91.24	type	Klebsiella pneumoniae	91.71	derived_species_match	category_na	OK	na	99.74	GCA_000788015.1	91.24	type	Klebsiella pneumoniae subsp. pneumoniae	91.71	Klebsiella pneumoniae	Klebsiella pneumoniae									122		5505	150	5777	Best-placed reference protein set; GeneMarkS-2+	GCF_041022065.1-RS_2024_08_04	NCBI Prokaryotic Genome Annotation Pipeline (PGAP)	NCBI RefSeq	2024-08-04		6.7		canu v. 1.8			PRJNA1139309	PRJNA1139309			Klebsiella pneumoniae strain:NC133 Genome sequencing	SAMN42768869		isolation_source	ascites		PRJNA1139309						2021										Klebsiella pneumoniae		573	Microbe sample from Klebsiella pneumoniae			China:Nanchang	Homo sapiens				Sample name	NC133				ascites	2024-07-23T23:01:07.130		Microbe, viral or environmental		First Affiliated Hospital of Nanchang University, Nanchang University, Nanchang	Microbe.1.0		2024-07-23T00:00:00.000						live	2024-07-23T22:19:03.855	NC133		2024-07-23T22:19:03.857						Complete Genome				ASM4102206v1		GCA_041022065.1				NCBI Prokaryotic Genome Annotation Pipeline (PGAP)				current		2024-08-03	PacBio Sequel2 hifi	current	First Affiliated Hospital of Nanchang University, Nanchang University, Nanchang			haploid	5755768	1	5416169		3290196	57	46	4	4		4	1	5416169	4	5755768	5755768	98.81	62.7207	0.36	Klebsiella pneumoniae	species	573	v1.2.4	GCF_041022065.1													NC133	Klebsiella pneumoniae		573	SOURCE_DATABASE_REFSEQ					
GCF_041022065.1	99.74	GCA_000788015.1	91.24	type	Klebsiella pneumoniae	91.71	derived_species_match	category_na	OK	na	99.74	GCA_000788015.1	91.24	type	Klebsiella pneumoniae subsp. pneumoniae	91.71	Klebsiella pneumoniae	Klebsiella pneumoniae									122		5505	150	5777	Best-placed reference protein set; GeneMarkS-2+	GCF_041022065.1-RS_2024_08_04	NCBI Prokaryotic Genome Annotation Pipeline (PGAP)	NCBI RefSeq	2024-08-04		6.7		canu v. 1.8			PRJNA1139309	PRJNA1139309			Klebsiella pneumoniae strain:NC133 Genome sequencing	SAMN42768869		collection_date	2021		PRJNA1139309						2021										Klebsiella pneumoniae		573	Microbe sample from Klebsiella pneumoniae			China:Nanchang	Homo sapiens				Sample name	NC133				ascites	2024-07-23T23:01:07.130		Microbe, viral or environmental		First Affiliated Hospital of Nanchang University, Nanchang University, Nanchang	Microbe.1.0		2024-07-23T00:00:00.000						live	2024-07-23T22:19:03.855	NC133		2024-07-23T22:19:03.857						Complete Genome				ASM4102206v1		GCA_041022065.1				NCBI Prokaryotic Genome Annotation Pipeline (PGAP)				current		2024-08-03	PacBio Sequel2 hifi	current	First Affiliated Hospital of Nanchang University, Nanchang University, Nanchang			haploid	5755768	1	5416169		3290196	57	46	4	4		4	1	5416169	4	5755768	5755768	98.81	62.7207	0.36	Klebsiella pneumoniae	species	573	v1.2.4	GCF_041022065.1													NC133	Klebsiella pneumoniae		573	SOURCE_DATABASE_REFSEQ					
GCF_041022065.1	99.74	GCA_000788015.1	91.24	type	Klebsiella pneumoniae	91.71	derived_species_match	category_na	OK	na	99.74	GCA_000788015.1	91.24	type	Klebsiella pneumoniae subsp. pneumoniae	91.71	Klebsiella pneumoniae	Klebsiella pneumoniae									122		5505	150	5777	Best-placed reference protein set; GeneMarkS-2+	GCF_041022065.1-RS_2024_08_04	NCBI Prokaryotic Genome Annotation Pipeline (PGAP)	NCBI RefSeq	2024-08-04		6.7		canu v. 1.8			PRJNA1139309	PRJNA1139309			Klebsiella pneumoniae strain:NC133 Genome sequencing	SAMN42768869		geo_loc_name	China:Nanchang		PRJNA1139309						2021										Klebsiella pneumoniae		573	Microbe sample from Klebsiella pneumoniae			China:Nanchang	Homo sapiens				Sample name	NC133				ascites	2024-07-23T23:01:07.130		Microbe, viral or environmental		First Affiliated Hospital of Nanchang University, Nanchang University, Nanchang	Microbe.1.0		2024-07-23T00:00:00.000						live	2024-07-23T22:19:03.855	NC133		2024-07-23T22:19:03.857						Complete Genome				ASM4102206v1		GCA_041022065.1				NCBI Prokaryotic Genome Annotation Pipeline (PGAP)				current		2024-08-03	PacBio Sequel2 hifi	current	First Affiliated Hospital of Nanchang University, Nanchang University, Nanchang			haploid	5755768	1	5416169		3290196	57	46	4	4		4	1	5416169	4	5755768	5755768	98.81	62.7207	0.36	Klebsiella pneumoniae	species	573	v1.2.4	GCF_041022065.1													NC133	Klebsiella pneumoniae		573	SOURCE_DATABASE_REFSEQ					
GCF_041022065.1	99.74	GCA_000788015.1	91.24	type	Klebsiella pneumoniae	91.71	derived_species_match	category_na	OK	na	99.74	GCA_000788015.1	91.24	type	Klebsiella pneumoniae subsp. pneumoniae	91.71	Klebsiella pneumoniae	Klebsiella pneumoniae									122		5505	150	5777	Best-placed reference protein set; GeneMarkS-2+	GCF_041022065.1-RS_2024_08_04	NCBI Prokaryotic Genome Annotation Pipeline (PGAP)	NCBI RefSeq	2024-08-04		6.7		canu v. 1.8			PRJNA1139309	PRJNA1139309			Klebsiella pneumoniae strain:NC133 Genome sequencing	SAMN42768869		sample_type	whole organism		PRJNA1139309						2021										Klebsiella pneumoniae		573	Microbe sample from Klebsiella pneumoniae			China:Nanchang	Homo sapiens				Sample name	NC133				ascites	2024-07-23T23:01:07.130		Microbe, viral or environmental		First Affiliated Hospital of Nanchang University, Nanchang University, Nanchang	Microbe.1.0		2024-07-23T00:00:00.000						live	2024-07-23T22:19:03.855	NC133		2024-07-23T22:19:03.857						Complete Genome				ASM4102206v1		GCA_041022065.1				NCBI Prokaryotic Genome Annotation Pipeline (PGAP)				current		2024-08-03	PacBio Sequel2 hifi	current	First Affiliated Hospital of Nanchang University, Nanchang University, Nanchang			haploid	5755768	1	5416169		3290196	57	46	4	4		4	1	5416169	4	5755768	5755768	98.81	62.7207	0.36	Klebsiella pneumoniae	species	573	v1.2.4	GCF_041022065.1													NC133	Klebsiella pneumoniae		573	SOURCE_DATABASE_REFSEQ					
GCF_041022075.1	99.74	GCA_000788015.1	91.46	type	Klebsiella pneumoniae	91.7	derived_species_match	category_na	OK	na	99.74	GCA_000788015.1	91.46	type	Klebsiella pneumoniae subsp. pneumoniae	91.7	Klebsiella pneumoniae	Klebsiella pneumoniae									122		5486	150	5758	Best-placed reference protein set; GeneMarkS-2+	GCF_041022075.1-RS_2024_08_04	NCBI Prokaryotic Genome Annotation Pipeline (PGAP)	NCBI RefSeq	2024-08-04		6.7		canu v. 1.8			PRJNA1139310	PRJNA1139310			Klebsiella pneumoniae strain:NC135 Genome sequencing	SAMN42768880		strain	NC135		PRJNA1139310						2021										Klebsiella pneumoniae		573	Microbe sample from Klebsiella pneumoniae			China:Nanchang	Homo sapiens				Sample name	NC135				urine	2024-07-23T23:01:07.393		Microbe, viral or environmental		First Affiliated Hospital of Nanchang University, Nanchang University, Nanchang	Microbe.1.0		2024-07-23T00:00:00.000						live	2024-07-23T22:24:03.990	NC135		2024-07-23T22:24:03.990						Complete Genome				ASM4102207v1		GCA_041022075.1				NCBI Prokaryotic Genome Annotation Pipeline (PGAP)				current		2024-08-03	PacBio Sequel2 hifi	current	First Affiliated Hospital of Nanchang University, Nanchang University, Nanchang			haploid	5741156	1	5416170		3282091	57	24	3	3		3	1	5416170	3	5741156	5741156	98.81	62.7207	0.36	Klebsiella pneumoniae	species	573	v1.2.4	GCF_041022075.1													NC135	Klebsiella pneumoniae		573	SOURCE_DATABASE_REFSEQ					
GCF_041022075.1	99.74	GCA_000788015.1	91.46	type	Klebsiella pneumoniae	91.7	derived_species_match	category_na	OK	na	99.74	GCA_000788015.1	91.46	type	Klebsiella pneumoniae subsp. pneumoniae	91.7	Klebsiella pneumoniae	Klebsiella pneumoniae									122		5486	150	5758	Best-placed reference protein set; GeneMarkS-2+	GCF_041022075.1-RS_2024_08_04	NCBI Prokaryotic Genome Annotation Pipeline (PGAP)	NCBI RefSeq	2024-08-04		6.7		canu v. 1.8			PRJNA1139310	PRJNA1139310			Klebsiella pneumoniae strain:NC135 Genome sequencing	SAMN42768880		host	Homo sapiens		PRJNA1139310						2021										Klebsiella pneumoniae		573	Microbe sample from Klebsiella pneumoniae			China:Nanchang	Homo sapiens				Sample name	NC135				urine	2024-07-23T23:01:07.393		Microbe, viral or environmental		First Affiliated Hospital of Nanchang University, Nanchang University, Nanchang	Microbe.1.0		2024-07-23T00:00:00.000						live	2024-07-23T22:24:03.990	NC135		2024-07-23T22:24:03.990						Complete Genome				ASM4102207v1		GCA_041022075.1				NCBI Prokaryotic Genome Annotation Pipeline (PGAP)				current		2024-08-03	PacBio Sequel2 hifi	current	First Affiliated Hospital of Nanchang University, Nanchang University, Nanchang			haploid	5741156	1	5416170		3282091	57	24	3	3		3	1	5416170	3	5741156	5741156	98.81	62.7207	0.36	Klebsiella pneumoniae	species	573	v1.2.4	GCF_041022075.1													NC135	Klebsiella pneumoniae		573	SOURCE_DATABASE_REFSEQ					
GCF_041022075.1	99.74	GCA_000788015.1	91.46	type	Klebsiella pneumoniae	91.7	derived_species_match	category_na	OK	na	99.74	GCA_000788015.1	91.46	type	Klebsiella pneumoniae subsp. pneumoniae	91.7	Klebsiella pneumoniae	Klebsiella pneumoniae									122		5486	150	5758	Best-placed reference protein set; GeneMarkS-2+	GCF_041022075.1-RS_2024_08_04	NCBI Prokaryotic Genome Annotation Pipeline (PGAP)	NCBI RefSeq	2024-08-04		6.7		canu v. 1.8			PRJNA1139310	PRJNA1139310			Klebsiella pneumoniae strain:NC135 Genome sequencing	SAMN42768880		isolation_source	urine		PRJNA1139310						2021										Klebsiella pneumoniae		573	Microbe sample from Klebsiella pneumoniae			China:Nanchang	Homo sapiens				Sample name	NC135				urine	2024-07-23T23:01:07.393		Microbe, viral or environmental		First Affiliated Hospital of Nanchang University, Nanchang University, Nanchang	Microbe.1.0		2024-07-23T00:00:00.000						live	2024-07-23T22:24:03.990	NC135		2024-07-23T22:24:03.990						Complete Genome				ASM4102207v1		GCA_041022075.1				NCBI Prokaryotic Genome Annotation Pipeline (PGAP)				current		2024-08-03	PacBio Sequel2 hifi	current	First Affiliated Hospital of Nanchang University, Nanchang University, Nanchang			haploid	5741156	1	5416170		3282091	57	24	3	3		3	1	5416170	3	5741156	5741156	98.81	62.7207	0.36	Klebsiella pneumoniae	species	573	v1.2.4	GCF_041022075.1													NC135	Klebsiella pneumoniae		573	SOURCE_DATABASE_REFSEQ					
GCF_041022075.1	99.74	GCA_000788015.1	91.46	type	Klebsiella pneumoniae	91.7	derived_species_match	category_na	OK	na	99.74	GCA_000788015.1	91.46	type	Klebsiella pneumoniae subsp. pneumoniae	91.7	Klebsiella pneumoniae	Klebsiella pneumoniae									122		5486	150	5758	Best-placed reference protein set; GeneMarkS-2+	GCF_041022075.1-RS_2024_08_04	NCBI Prokaryotic Genome Annotation Pipeline (PGAP)	NCBI RefSeq	2024-08-04		6.7		canu v. 1.8			PRJNA1139310	PRJNA1139310			Klebsiella pneumoniae strain:NC135 Genome sequencing	SAMN42768880		collection_date	2021		PRJNA1139310						2021										Klebsiella pneumoniae		573	Microbe sample from Klebsiella pneumoniae			China:Nanchang	Homo sapiens				Sample name	NC135				urine	2024-07-23T23:01:07.393		Microbe, viral or environmental		First Affiliated Hospital of Nanchang University, Nanchang University, Nanchang	Microbe.1.0		2024-07-23T00:00:00.000						live	2024-07-23T22:24:03.990	NC135		2024-07-23T22:24:03.990						Complete Genome				ASM4102207v1		GCA_041022075.1				NCBI Prokaryotic Genome Annotation Pipeline (PGAP)				current		2024-08-03	PacBio Sequel2 hifi	current	First Affiliated Hospital of Nanchang University, Nanchang University, Nanchang			haploid	5741156	1	5416170		3282091	57	24	3	3		3	1	5416170	3	5741156	5741156	98.81	62.7207	0.36	Klebsiella pneumoniae	species	573	v1.2.4	GCF_041022075.1													NC135	Klebsiella pneumoniae		573	SOURCE_DATABASE_REFSEQ					
GCF_041022075.1	99.74	GCA_000788015.1	91.46	type	Klebsiella pneumoniae	91.7	derived_species_match	category_na	OK	na	99.74	GCA_000788015.1	91.46	type	Klebsiella pneumoniae subsp. pneumoniae	91.7	Klebsiella pneumoniae	Klebsiella pneumoniae									122		5486	150	5758	Best-placed reference protein set; GeneMarkS-2+	GCF_041022075.1-RS_2024_08_04	NCBI Prokaryotic Genome Annotation Pipeline (PGAP)	NCBI RefSeq	2024-08-04		6.7		canu v. 1.8			PRJNA1139310	PRJNA1139310			Klebsiella pneumoniae strain:NC135 Genome sequencing	SAMN42768880		geo_loc_name	China:Nanchang		PRJNA1139310						2021										Klebsiella pneumoniae		573	Microbe sample from Klebsiella pneumoniae			China:Nanchang	Homo sapiens				Sample name	NC135				urine	2024-07-23T23:01:07.393		Microbe, viral or environmental		First Affiliated Hospital of Nanchang University, Nanchang University, Nanchang	Microbe.1.0		2024-07-23T00:00:00.000						live	2024-07-23T22:24:03.990	NC135		2024-07-23T22:24:03.990						Complete Genome				ASM4102207v1		GCA_041022075.1				NCBI Prokaryotic Genome Annotation Pipeline (PGAP)				current		2024-08-03	PacBio Sequel2 hifi	current	First Affiliated Hospital of Nanchang University, Nanchang University, Nanchang			haploid	5741156	1	5416170		3282091	57	24	3	3		3	1	5416170	3	5741156	5741156	98.81	62.7207	0.36	Klebsiella pneumoniae	species	573	v1.2.4	GCF_041022075.1													NC135	Klebsiella pneumoniae		573	SOURCE_DATABASE_REFSEQ					
GCF_041022075.1	99.74	GCA_000788015.1	91.46	type	Klebsiella pneumoniae	91.7	derived_species_match	category_na	OK	na	99.74	GCA_000788015.1	91.46	type	Klebsiella pneumoniae subsp. pneumoniae	91.7	Klebsiella pneumoniae	Klebsiella pneumoniae									122		5486	150	5758	Best-placed reference protein set; GeneMarkS-2+	GCF_041022075.1-RS_2024_08_04	NCBI Prokaryotic Genome Annotation Pipeline (PGAP)	NCBI RefSeq	2024-08-04		6.7		canu v. 1.8			PRJNA1139310	PRJNA1139310			Klebsiella pneumoniae strain:NC135 Genome sequencing	SAMN42768880		sample_type	whole organism		PRJNA1139310						2021										Klebsiella pneumoniae		573	Microbe sample from Klebsiella pneumoniae			China:Nanchang	Homo sapiens				Sample name	NC135				urine	2024-07-23T23:01:07.393		Microbe, viral or environmental		First Affiliated Hospital of Nanchang University, Nanchang University, Nanchang	Microbe.1.0		2024-07-23T00:00:00.000						live	2024-07-23T22:24:03.990	NC135		2024-07-23T22:24:03.990						Complete Genome				ASM4102207v1		GCA_041022075.1				NCBI Prokaryotic Genome Annotation Pipeline (PGAP)				current		2024-08-03	PacBio Sequel2 hifi	current	First Affiliated Hospital of Nanchang University, Nanchang University, Nanchang			haploid	5741156	1	5416170		3282091	57	24	3	3		3	1	5416170	3	5741156	5741156	98.81	62.7207	0.36	Klebsiella pneumoniae	species	573	v1.2.4	GCF_041022075.1													NC135	Klebsiella pneumoniae		573	SOURCE_DATABASE_REFSEQ					
GCF_041022085.1	99.7	GCA_000788015.1	88.81	type	Klebsiella pneumoniae	91.64	derived_species_match	category_na	OK	na	99.7	GCA_000788015.1	88.81	type	Klebsiella pneumoniae subsp. pneumoniae	91.64	Klebsiella pneumoniae	Klebsiella pneumoniae									126		5654	181	5961	Best-placed reference protein set; GeneMarkS-2+	GCF_041022085.1-RS_2024_08_04	NCBI Prokaryotic Genome Annotation Pipeline (PGAP)	NCBI RefSeq	2024-08-04		6.7		canu v. 1.8			PRJNA1139322	PRJNA1139322			Klebsiella pneumoniae strain:CRKP2 Genome sequencing	SAMN42769079		strain	CRKP2		PRJNA1139322						2023-06										Klebsiella pneumoniae		573	Microbe sample from Klebsiella pneumoniae			China:Nanchang	Homo sapiens				Sample name	CRKP2					2024-08-04T12:39:27.687		Microbe, viral or environmental		The First Affiliated Hospital, Jiangxi Medical College, Nanchang University	Microbe.1.0		2024-08-04T12:39:27.687						live	2024-08-04T12:39:27.687	CRKP2		2024-07-23T22:52:09.317						Complete Genome				ASM4102208v1		GCA_041022085.1				NCBI Prokaryotic Genome Annotation Pipeline (PGAP)				current		2024-08-03	PacBio Sequel2 hifi	current	The First Affiliated Hospital, Jiangxi Medical College, Nanchang University			haploid	5907816	1	5475903		3365757	57	63	5	5		5	1	5475903	5	5907816	5907816	99.05	86.0221	0.44	Klebsiella pneumoniae	species	573	v1.2.4	GCF_041022085.1													CRKP2	Klebsiella pneumoniae		573	SOURCE_DATABASE_REFSEQ					
GCF_041022085.1	99.7	GCA_000788015.1	88.81	type	Klebsiella pneumoniae	91.64	derived_species_match	category_na	OK	na	99.7	GCA_000788015.1	88.81	type	Klebsiella pneumoniae subsp. pneumoniae	91.64	Klebsiella pneumoniae	Klebsiella pneumoniae									126		5654	181	5961	Best-placed reference protein set; GeneMarkS-2+	GCF_041022085.1-RS_2024_08_04	NCBI Prokaryotic Genome Annotation Pipeline (PGAP)	NCBI RefSeq	2024-08-04		6.7		canu v. 1.8			PRJNA1139322	PRJNA1139322			Klebsiella pneumoniae strain:CRKP2 Genome sequencing	SAMN42769079		host	Homo sapiens		PRJNA1139322						2023-06										Klebsiella pneumoniae		573	Microbe sample from Klebsiella pneumoniae			China:Nanchang	Homo sapiens				Sample name	CRKP2					2024-08-04T12:39:27.687		Microbe, viral or environmental		The First Affiliated Hospital, Jiangxi Medical College, Nanchang University	Microbe.1.0		2024-08-04T12:39:27.687						live	2024-08-04T12:39:27.687	CRKP2		2024-07-23T22:52:09.317						Complete Genome				ASM4102208v1		GCA_041022085.1				NCBI Prokaryotic Genome Annotation Pipeline (PGAP)				current		2024-08-03	PacBio Sequel2 hifi	current	The First Affiliated Hospital, Jiangxi Medical College, Nanchang University			haploid	5907816	1	5475903		3365757	57	63	5	5		5	1	5475903	5	5907816	5907816	99.05	86.0221	0.44	Klebsiella pneumoniae	species	573	v1.2.4	GCF_041022085.1													CRKP2	Klebsiella pneumoniae		573	SOURCE_DATABASE_REFSEQ					
GCF_041022085.1	99.7	GCA_000788015.1	88.81	type	Klebsiella pneumoniae	91.64	derived_species_match	category_na	OK	na	99.7	GCA_000788015.1	88.81	type	Klebsiella pneumoniae subsp. pneumoniae	91.64	Klebsiella pneumoniae	Klebsiella pneumoniae									126		5654	181	5961	Best-placed reference protein set; GeneMarkS-2+	GCF_041022085.1-RS_2024_08_04	NCBI Prokaryotic Genome Annotation Pipeline (PGAP)	NCBI RefSeq	2024-08-04		6.7		canu v. 1.8			PRJNA1139322	PRJNA1139322			Klebsiella pneumoniae strain:CRKP2 Genome sequencing	SAMN42769079		collection_date	2023-06		PRJNA1139322						2023-06										Klebsiella pneumoniae		573	Microbe sample from Klebsiella pneumoniae			China:Nanchang	Homo sapiens				Sample name	CRKP2					2024-08-04T12:39:27.687		Microbe, viral or environmental		The First Affiliated Hospital, Jiangxi Medical College, Nanchang University	Microbe.1.0		2024-08-04T12:39:27.687						live	2024-08-04T12:39:27.687	CRKP2		2024-07-23T22:52:09.317						Complete Genome				ASM4102208v1		GCA_041022085.1				NCBI Prokaryotic Genome Annotation Pipeline (PGAP)				current		2024-08-03	PacBio Sequel2 hifi	current	The First Affiliated Hospital, Jiangxi Medical College, Nanchang University			haploid	5907816	1	5475903		3365757	57	63	5	5		5	1	5475903	5	5907816	5907816	99.05	86.0221	0.44	Klebsiella pneumoniae	species	573	v1.2.4	GCF_041022085.1													CRKP2	Klebsiella pneumoniae		573	SOURCE_DATABASE_REFSEQ					
GCF_041022085.1	99.7	GCA_000788015.1	88.81	type	Klebsiella pneumoniae	91.64	derived_species_match	category_na	OK	na	99.7	GCA_000788015.1	88.81	type	Klebsiella pneumoniae subsp. pneumoniae	91.64	Klebsiella pneumoniae	Klebsiella pneumoniae									126		5654	181	5961	Best-placed reference protein set; GeneMarkS-2+	GCF_041022085.1-RS_2024_08_04	NCBI Prokaryotic Genome Annotation Pipeline (PGAP)	NCBI RefSeq	2024-08-04		6.7		canu v. 1.8			PRJNA1139322	PRJNA1139322			Klebsiella pneumoniae strain:CRKP2 Genome sequencing	SAMN42769079		geo_loc_name	China:Nanchang		PRJNA1139322						2023-06										Klebsiella pneumoniae		573	Microbe sample from Klebsiella pneumoniae			China:Nanchang	Homo sapiens				Sample name	CRKP2					2024-08-04T12:39:27.687		Microbe, viral or environmental		The First Affiliated Hospital, Jiangxi Medical College, Nanchang University	Microbe.1.0		2024-08-04T12:39:27.687						live	2024-08-04T12:39:27.687	CRKP2		2024-07-23T22:52:09.317						Complete Genome				ASM4102208v1		GCA_041022085.1				NCBI Prokaryotic Genome Annotation Pipeline (PGAP)				current		2024-08-03	PacBio Sequel2 hifi	current	The First Affiliated Hospital, Jiangxi Medical College, Nanchang University			haploid	5907816	1	5475903		3365757	57	63	5	5		5	1	5475903	5	5907816	5907816	99.05	86.0221	0.44	Klebsiella pneumoniae	species	573	v1.2.4	GCF_041022085.1													CRKP2	Klebsiella pneumoniae		573	SOURCE_DATABASE_REFSEQ					
GCF_041022085.1	99.7	GCA_000788015.1	88.81	type	Klebsiella pneumoniae	91.64	derived_species_match	category_na	OK	na	99.7	GCA_000788015.1	88.81	type	Klebsiella pneumoniae subsp. pneumoniae	91.64	Klebsiella pneumoniae	Klebsiella pneumoniae									126		5654	181	5961	Best-placed reference protein set; GeneMarkS-2+	GCF_041022085.1-RS_2024_08_04	NCBI Prokaryotic Genome Annotation Pipeline (PGAP)	NCBI RefSeq	2024-08-04		6.7		canu v. 1.8			PRJNA1139322	PRJNA1139322			Klebsiella pneumoniae strain:CRKP2 Genome sequencing	SAMN42769079		sample_type	cell culture		PRJNA1139322						2023-06										Klebsiella pneumoniae		573	Microbe sample from Klebsiella pneumoniae			China:Nanchang	Homo sapiens				Sample name	CRKP2					2024-08-04T12:39:27.687		Microbe, viral or environmental		The First Affiliated Hospital, Jiangxi Medical College, Nanchang University	Microbe.1.0		2024-08-04T12:39:27.687						live	2024-08-04T12:39:27.687	CRKP2		2024-07-23T22:52:09.317						Complete Genome				ASM4102208v1		GCA_041022085.1				NCBI Prokaryotic Genome Annotation Pipeline (PGAP)				current		2024-08-03	PacBio Sequel2 hifi	current	The First Affiliated Hospital, Jiangxi Medical College, Nanchang University			haploid	5907816	1	5475903		3365757	57	63	5	5		5	1	5475903	5	5907816	5907816	99.05	86.0221	0.44	Klebsiella pneumoniae	species	573	v1.2.4	GCF_041022085.1													CRKP2	Klebsiella pneumoniae		573	SOURCE_DATABASE_REFSEQ					
GCF_041022095.1	99.72	GCA_000788015.1	89.76	type	Klebsiella pneumoniae	91.55	derived_species_match	category_na	OK	na	99.72	GCA_000788015.1	89.76	type	Klebsiella pneumoniae subsp. pneumoniae	91.55	Klebsiella pneumoniae	Klebsiella pneumoniae									122		5564	177	5863	Best-placed reference protein set; GeneMarkS-2+	GCF_041022095.1-RS_2024_08_04	NCBI Prokaryotic Genome Annotation Pipeline (PGAP)	NCBI RefSeq	2024-08-04		6.7		canu v. 1.8			PRJNA1139315	PRJNA1139315			Klebsiella pneumoniae strain:CRKP1 Genome sequencing	SAMN42769060		strain	CRKP1		PRJNA1139315						2023-06										Klebsiella pneumoniae		573	Microbe sample from Klebsiella pneumoniae			China:Nanchang	Homo sapiens				Sample name	CRKP1					2024-08-04T12:39:27.703		Microbe, viral or environmental		The First Affiliated Hospital, Jiangxi Medical College, Nanchang University	Microbe.1.0		2024-08-04T12:39:27.703						live	2024-08-04T12:39:27.703	CRKP1		2024-07-23T22:52:06.713						Complete Genome				ASM4102209v1		GCA_041022095.1				NCBI Prokaryotic Genome Annotation Pipeline (PGAP)				current		2024-08-03	PacBio Sequel2 hifi	current	The First Affiliated Hospital, Jiangxi Medical College, Nanchang University			haploid	5839893	1	5450409		3329377	57	71	5	5		5	1	5450409	5	5839893	5839893	99.05	86.0221	0.38	Klebsiella pneumoniae	species	573	v1.2.4	GCF_041022095.1													CRKP1	Klebsiella pneumoniae		573	SOURCE_DATABASE_REFSEQ					
GCF_041022095.1	99.72	GCA_000788015.1	89.76	type	Klebsiella pneumoniae	91.55	derived_species_match	category_na	OK	na	99.72	GCA_000788015.1	89.76	type	Klebsiella pneumoniae subsp. pneumoniae	91.55	Klebsiella pneumoniae	Klebsiella pneumoniae									122		5564	177	5863	Best-placed reference protein set; GeneMarkS-2+	GCF_041022095.1-RS_2024_08_04	NCBI Prokaryotic Genome Annotation Pipeline (PGAP)	NCBI RefSeq	2024-08-04		6.7		canu v. 1.8			PRJNA1139315	PRJNA1139315			Klebsiella pneumoniae strain:CRKP1 Genome sequencing	SAMN42769060		host	Homo sapiens		PRJNA1139315						2023-06										Klebsiella pneumoniae		573	Microbe sample from Klebsiella pneumoniae			China:Nanchang	Homo sapiens				Sample name	CRKP1					2024-08-04T12:39:27.703		Microbe, viral or environmental		The First Affiliated Hospital, Jiangxi Medical College, Nanchang University	Microbe.1.0		2024-08-04T12:39:27.703						live	2024-08-04T12:39:27.703	CRKP1		2024-07-23T22:52:06.713						Complete Genome				ASM4102209v1		GCA_041022095.1				NCBI Prokaryotic Genome Annotation Pipeline (PGAP)				current		2024-08-03	PacBio Sequel2 hifi	current	The First Affiliated Hospital, Jiangxi Medical College, Nanchang University			haploid	5839893	1	5450409		3329377	57	71	5	5		5	1	5450409	5	5839893	5839893	99.05	86.0221	0.38	Klebsiella pneumoniae	species	573	v1.2.4	GCF_041022095.1													CRKP1	Klebsiella pneumoniae		573	SOURCE_DATABASE_REFSEQ					
GCF_041022095.1	99.72	GCA_000788015.1	89.76	type	Klebsiella pneumoniae	91.55	derived_species_match	category_na	OK	na	99.72	GCA_000788015.1	89.76	type	Klebsiella pneumoniae subsp. pneumoniae	91.55	Klebsiella pneumoniae	Klebsiella pneumoniae									122		5564	177	5863	Best-placed reference protein set; GeneMarkS-2+	GCF_041022095.1-RS_2024_08_04	NCBI Prokaryotic Genome Annotation Pipeline (PGAP)	NCBI RefSeq	2024-08-04		6.7		canu v. 1.8			PRJNA1139315	PRJNA1139315			Klebsiella pneumoniae strain:CRKP1 Genome sequencing	SAMN42769060		collection_date	2023-06		PRJNA1139315						2023-06										Klebsiella pneumoniae		573	Microbe sample from Klebsiella pneumoniae			China:Nanchang	Homo sapiens				Sample name	CRKP1					2024-08-04T12:39:27.703		Microbe, viral or environmental		The First Affiliated Hospital, Jiangxi Medical College, Nanchang University	Microbe.1.0		2024-08-04T12:39:27.703						live	2024-08-04T12:39:27.703	CRKP1		2024-07-23T22:52:06.713						Complete Genome				ASM4102209v1		GCA_041022095.1				NCBI Prokaryotic Genome Annotation Pipeline (PGAP)				current		2024-08-03	PacBio Sequel2 hifi	current	The First Affiliated Hospital, Jiangxi Medical College, Nanchang University			haploid	5839893	1	5450409		3329377	57	71	5	5		5	1	5450409	5	5839893	5839893	99.05	86.0221	0.38	Klebsiella pneumoniae	species	573	v1.2.4	GCF_041022095.1													CRKP1	Klebsiella pneumoniae		573	SOURCE_DATABASE_REFSEQ					
GCF_041022095.1	99.72	GCA_000788015.1	89.76	type	Klebsiella pneumoniae	91.55	derived_species_match	category_na	OK	na	99.72	GCA_000788015.1	89.76	type	Klebsiella pneumoniae subsp. pneumoniae	91.55	Klebsiella pneumoniae	Klebsiella pneumoniae									122		5564	177	5863	Best-placed reference protein set; GeneMarkS-2+	GCF_041022095.1-RS_2024_08_04	NCBI Prokaryotic Genome Annotation Pipeline (PGAP)	NCBI RefSeq	2024-08-04		6.7		canu v. 1.8			PRJNA1139315	PRJNA1139315			Klebsiella pneumoniae strain:CRKP1 Genome sequencing	SAMN42769060		geo_loc_name	China:Nanchang		PRJNA1139315						2023-06										Klebsiella pneumoniae		573	Microbe sample from Klebsiella pneumoniae			China:Nanchang	Homo sapiens				Sample name	CRKP1					2024-08-04T12:39:27.703		Microbe, viral or environmental		The First Affiliated Hospital, Jiangxi Medical College, Nanchang University	Microbe.1.0		2024-08-04T12:39:27.703						live	2024-08-04T12:39:27.703	CRKP1		2024-07-23T22:52:06.713						Complete Genome				ASM4102209v1		GCA_041022095.1				NCBI Prokaryotic Genome Annotation Pipeline (PGAP)				current		2024-08-03	PacBio Sequel2 hifi	current	The First Affiliated Hospital, Jiangxi Medical College, Nanchang University			haploid	5839893	1	5450409		3329377	57	71	5	5		5	1	5450409	5	5839893	5839893	99.05	86.0221	0.38	Klebsiella pneumoniae	species	573	v1.2.4	GCF_041022095.1													CRKP1	Klebsiella pneumoniae		573	SOURCE_DATABASE_REFSEQ					
GCF_041022095.1	99.72	GCA_000788015.1	89.76	type	Klebsiella pneumoniae	91.55	derived_species_match	category_na	OK	na	99.72	GCA_000788015.1	89.76	type	Klebsiella pneumoniae subsp. pneumoniae	91.55	Klebsiella pneumoniae	Klebsiella pneumoniae									122		5564	177	5863	Best-placed reference protein set; GeneMarkS-2+	GCF_041022095.1-RS_2024_08_04	NCBI Prokaryotic Genome Annotation Pipeline (PGAP)	NCBI RefSeq	2024-08-04		6.7		canu v. 1.8			PRJNA1139315	PRJNA1139315			Klebsiella pneumoniae strain:CRKP1 Genome sequencing	SAMN42769060		sample_type	cell culture		PRJNA1139315						2023-06										Klebsiella pneumoniae		573	Microbe sample from Klebsiella pneumoniae			China:Nanchang	Homo sapiens				Sample name	CRKP1					2024-08-04T12:39:27.703		Microbe, viral or environmental		The First Affiliated Hospital, Jiangxi Medical College, Nanchang University	Microbe.1.0		2024-08-04T12:39:27.703						live	2024-08-04T12:39:27.703	CRKP1		2024-07-23T22:52:06.713						Complete Genome				ASM4102209v1		GCA_041022095.1				NCBI Prokaryotic Genome Annotation Pipeline (PGAP)				current		2024-08-03	PacBio Sequel2 hifi	current	The First Affiliated Hospital, Jiangxi Medical College, Nanchang University			haploid	5839893	1	5450409		3329377	57	71	5	5		5	1	5450409	5	5839893	5839893	99.05	86.0221	0.38	Klebsiella pneumoniae	species	573	v1.2.4	GCF_041022095.1													CRKP1	Klebsiella pneumoniae		573	SOURCE_DATABASE_REFSEQ					
GCF_041734115.1	99.71	GCA_000788015.1	88.15	type	Klebsiella pneumoniae	91.61	derived_species_match	category_na	OK	na	99.71	GCA_000788015.1	88.15	type	Klebsiella pneumoniae subsp. pneumoniae	91.61	Klebsiella pneumoniae	Klebsiella pneumoniae									122		5706	191	6019	Best-placed reference protein set; GeneMarkS-2+	GCF_041734115.1-RS_2024_09_05	NCBI Prokaryotic Genome Annotation Pipeline (PGAP)	NCBI RefSeq	2024-09-05		6.8		HGAP v. 4			PRJNA1153625	PRJNA1153625			Klebsiella pneumoniae strain:7824 Genome sequencing	SAMN43400397		strain	7824		PRJNA1153625						2023-05										Klebsiella pneumoniae		573	Microbe sample from Klebsiella pneumoniae			China:Nanchang	Homo sapiens				Sample name	KP13					2024-08-28T21:01:05.063		Microbe, viral or environmental		The First Affiliated Hospital, Jiangxi Medical College, Nanchang University	Microbe.1.0		2024-08-28T00:00:00.000						live	2024-08-28T20:16:04.202	7824		2024-08-28T20:16:04.203						Complete Genome				ASM4173411v1		GCA_041734115.1				NCBI Prokaryotic Genome Annotation Pipeline (PGAP)				current		2024-09-04	PacBio Sequel	current	The First Affiliated Hospital, Jiangxi Medical College, Nanchang University			haploid	5950642	1	5504427		3388174	57	298	5	5		5	1	5504427	5	5950642	5950642	98.79	61.6204	0.43	Klebsiella pneumoniae	species	573	v1.2.4	GCF_041734115.1													7824	Klebsiella pneumoniae		573	SOURCE_DATABASE_REFSEQ					
GCF_041734115.1	99.71	GCA_000788015.1	88.15	type	Klebsiella pneumoniae	91.61	derived_species_match	category_na	OK	na	99.71	GCA_000788015.1	88.15	type	Klebsiella pneumoniae subsp. pneumoniae	91.61	Klebsiella pneumoniae	Klebsiella pneumoniae									122		5706	191	6019	Best-placed reference protein set; GeneMarkS-2+	GCF_041734115.1-RS_2024_09_05	NCBI Prokaryotic Genome Annotation Pipeline (PGAP)	NCBI RefSeq	2024-09-05		6.8		HGAP v. 4			PRJNA1153625	PRJNA1153625			Klebsiella pneumoniae strain:7824 Genome sequencing	SAMN43400397		host	Homo sapiens		PRJNA1153625						2023-05										Klebsiella pneumoniae		573	Microbe sample from Klebsiella pneumoniae			China:Nanchang	Homo sapiens				Sample name	KP13					2024-08-28T21:01:05.063		Microbe, viral or environmental		The First Affiliated Hospital, Jiangxi Medical College, Nanchang University	Microbe.1.0		2024-08-28T00:00:00.000						live	2024-08-28T20:16:04.202	7824		2024-08-28T20:16:04.203						Complete Genome				ASM4173411v1		GCA_041734115.1				NCBI Prokaryotic Genome Annotation Pipeline (PGAP)				current		2024-09-04	PacBio Sequel	current	The First Affiliated Hospital, Jiangxi Medical College, Nanchang University			haploid	5950642	1	5504427		3388174	57	298	5	5		5	1	5504427	5	5950642	5950642	98.79	61.6204	0.43	Klebsiella pneumoniae	species	573	v1.2.4	GCF_041734115.1													7824	Klebsiella pneumoniae		573	SOURCE_DATABASE_REFSEQ					
GCF_041734115.1	99.71	GCA_000788015.1	88.15	type	Klebsiella pneumoniae	91.61	derived_species_match	category_na	OK	na	99.71	GCA_000788015.1	88.15	type	Klebsiella pneumoniae subsp. pneumoniae	91.61	Klebsiella pneumoniae	Klebsiella pneumoniae									122		5706	191	6019	Best-placed reference protein set; GeneMarkS-2+	GCF_041734115.1-RS_2024_09_05	NCBI Prokaryotic Genome Annotation Pipeline (PGAP)	NCBI RefSeq	2024-09-05		6.8		HGAP v. 4			PRJNA1153625	PRJNA1153625			Klebsiella pneumoniae strain:7824 Genome sequencing	SAMN43400397		collection_date	2023-05		PRJNA1153625						2023-05										Klebsiella pneumoniae		573	Microbe sample from Klebsiella pneumoniae			China:Nanchang	Homo sapiens				Sample name	KP13					2024-08-28T21:01:05.063		Microbe, viral or environmental		The First Affiliated Hospital, Jiangxi Medical College, Nanchang University	Microbe.1.0		2024-08-28T00:00:00.000						live	2024-08-28T20:16:04.202	7824		2024-08-28T20:16:04.203						Complete Genome				ASM4173411v1		GCA_041734115.1				NCBI Prokaryotic Genome Annotation Pipeline (PGAP)				current		2024-09-04	PacBio Sequel	current	The First Affiliated Hospital, Jiangxi Medical College, Nanchang University			haploid	5950642	1	5504427		3388174	57	298	5	5		5	1	5504427	5	5950642	5950642	98.79	61.6204	0.43	Klebsiella pneumoniae	species	573	v1.2.4	GCF_041734115.1													7824	Klebsiella pneumoniae		573	SOURCE_DATABASE_REFSEQ					
GCF_041734115.1	99.71	GCA_000788015.1	88.15	type	Klebsiella pneumoniae	91.61	derived_species_match	category_na	OK	na	99.71	GCA_000788015.1	88.15	type	Klebsiella pneumoniae subsp. pneumoniae	91.61	Klebsiella pneumoniae	Klebsiella pneumoniae									122		5706	191	6019	Best-placed reference protein set; GeneMarkS-2+	GCF_041734115.1-RS_2024_09_05	NCBI Prokaryotic Genome Annotation Pipeline (PGAP)	NCBI RefSeq	2024-09-05		6.8		HGAP v. 4			PRJNA1153625	PRJNA1153625			Klebsiella pneumoniae strain:7824 Genome sequencing	SAMN43400397		geo_loc_name	China:Nanchang		PRJNA1153625						2023-05										Klebsiella pneumoniae		573	Microbe sample from Klebsiella pneumoniae			China:Nanchang	Homo sapiens				Sample name	KP13					2024-08-28T21:01:05.063		Microbe, viral or environmental		The First Affiliated Hospital, Jiangxi Medical College, Nanchang University	Microbe.1.0		2024-08-28T00:00:00.000						live	2024-08-28T20:16:04.202	7824		2024-08-28T20:16:04.203						Complete Genome				ASM4173411v1		GCA_041734115.1				NCBI Prokaryotic Genome Annotation Pipeline (PGAP)				current		2024-09-04	PacBio Sequel	current	The First Affiliated Hospital, Jiangxi Medical College, Nanchang University			haploid	5950642	1	5504427		3388174	57	298	5	5		5	1	5504427	5	5950642	5950642	98.79	61.6204	0.43	Klebsiella pneumoniae	species	573	v1.2.4	GCF_041734115.1													7824	Klebsiella pneumoniae		573	SOURCE_DATABASE_REFSEQ					
GCF_041734115.1	99.71	GCA_000788015.1	88.15	type	Klebsiella pneumoniae	91.61	derived_species_match	category_na	OK	na	99.71	GCA_000788015.1	88.15	type	Klebsiella pneumoniae subsp. pneumoniae	91.61	Klebsiella pneumoniae	Klebsiella pneumoniae									122		5706	191	6019	Best-placed reference protein set; GeneMarkS-2+	GCF_041734115.1-RS_2024_09_05	NCBI Prokaryotic Genome Annotation Pipeline (PGAP)	NCBI RefSeq	2024-09-05		6.8		HGAP v. 4			PRJNA1153625	PRJNA1153625			Klebsiella pneumoniae strain:7824 Genome sequencing	SAMN43400397		sample_type	cell culture		PRJNA1153625						2023-05										Klebsiella pneumoniae		573	Microbe sample from Klebsiella pneumoniae			China:Nanchang	Homo sapiens				Sample name	KP13					2024-08-28T21:01:05.063		Microbe, viral or environmental		The First Affiliated Hospital, Jiangxi Medical College, Nanchang University	Microbe.1.0		2024-08-28T00:00:00.000						live	2024-08-28T20:16:04.202	7824		2024-08-28T20:16:04.203						Complete Genome				ASM4173411v1		GCA_041734115.1				NCBI Prokaryotic Genome Annotation Pipeline (PGAP)				current		2024-09-04	PacBio Sequel	current	The First Affiliated Hospital, Jiangxi Medical College, Nanchang University			haploid	5950642	1	5504427		3388174	57	298	5	5		5	1	5504427	5	5950642	5950642	98.79	61.6204	0.43	Klebsiella pneumoniae	species	573	v1.2.4	GCF_041734115.1													7824	Klebsiella pneumoniae		573	SOURCE_DATABASE_REFSEQ					
GCF_041734125.1	99.71	GCA_000788015.1	88.93	type	Klebsiella pneumoniae	91.62	derived_species_match	category_na	OK	na	99.71	GCA_000788015.1	88.93	type	Klebsiella pneumoniae subsp. pneumoniae	91.62	Klebsiella pneumoniae	Klebsiella pneumoniae									122		5635	189	5946	Best-placed reference protein set; GeneMarkS-2+	GCF_041734125.1-RS_2024_09_05	NCBI Prokaryotic Genome Annotation Pipeline (PGAP)	NCBI RefSeq	2024-09-05		6.8		HGAP v. 4			PRJNA1153628	PRJNA1153628			Klebsiella pneumoniae strain:9589 Genome sequencing	SAMN43400623		strain	9589		PRJNA1153628						2023-05										Klebsiella pneumoniae		573	Microbe sample from Klebsiella pneumoniae			China:Nanchang	Homo sapiens				Sample name	KP41					2024-08-28T21:01:07.907		Microbe, viral or environmental		The First Affiliated Hospital, Jiangxi Medical College, Nanchang University	Microbe.1.0		2024-08-28T00:00:00.000						live	2024-08-28T20:29:04.330	9589		2024-08-28T20:29:04.330						Complete Genome				ASM4173412v1		GCA_041734125.1				NCBI Prokaryotic Genome Annotation Pipeline (PGAP)				current		2024-09-04	PacBio Sequel	current	The First Affiliated Hospital, Jiangxi Medical College, Nanchang University			haploid	5899266	1	5459370		3361762	57	326	5	5		5	1	5459370	5	5899266	5899266	99.05	86.0221	0.43	Klebsiella pneumoniae	species	573	v1.2.4	GCF_041734125.1													9589	Klebsiella pneumoniae		573	SOURCE_DATABASE_REFSEQ					
GCF_041734125.1	99.71	GCA_000788015.1	88.93	type	Klebsiella pneumoniae	91.62	derived_species_match	category_na	OK	na	99.71	GCA_000788015.1	88.93	type	Klebsiella pneumoniae subsp. pneumoniae	91.62	Klebsiella pneumoniae	Klebsiella pneumoniae									122		5635	189	5946	Best-placed reference protein set; GeneMarkS-2+	GCF_041734125.1-RS_2024_09_05	NCBI Prokaryotic Genome Annotation Pipeline (PGAP)	NCBI RefSeq	2024-09-05		6.8		HGAP v. 4			PRJNA1153628	PRJNA1153628			Klebsiella pneumoniae strain:9589 Genome sequencing	SAMN43400623		host	Homo sapiens		PRJNA1153628						2023-05										Klebsiella pneumoniae		573	Microbe sample from Klebsiella pneumoniae			China:Nanchang	Homo sapiens				Sample name	KP41					2024-08-28T21:01:07.907		Microbe, viral or environmental		The First Affiliated Hospital, Jiangxi Medical College, Nanchang University	Microbe.1.0		2024-08-28T00:00:00.000						live	2024-08-28T20:29:04.330	9589		2024-08-28T20:29:04.330						Complete Genome				ASM4173412v1		GCA_041734125.1				NCBI Prokaryotic Genome Annotation Pipeline (PGAP)				current		2024-09-04	PacBio Sequel	current	The First Affiliated Hospital, Jiangxi Medical College, Nanchang University			haploid	5899266	1	5459370		3361762	57	326	5	5		5	1	5459370	5	5899266	5899266	99.05	86.0221	0.43	Klebsiella pneumoniae	species	573	v1.2.4	GCF_041734125.1													9589	Klebsiella pneumoniae		573	SOURCE_DATABASE_REFSEQ					
GCF_041734125.1	99.71	GCA_000788015.1	88.93	type	Klebsiella pneumoniae	91.62	derived_species_match	category_na	OK	na	99.71	GCA_000788015.1	88.93	type	Klebsiella pneumoniae subsp. pneumoniae	91.62	Klebsiella pneumoniae	Klebsiella pneumoniae									122		5635	189	5946	Best-placed reference protein set; GeneMarkS-2+	GCF_041734125.1-RS_2024_09_05	NCBI Prokaryotic Genome Annotation Pipeline (PGAP)	NCBI RefSeq	2024-09-05		6.8		HGAP v. 4			PRJNA1153628	PRJNA1153628			Klebsiella pneumoniae strain:9589 Genome sequencing	SAMN43400623		collection_date	2023-05		PRJNA1153628						2023-05										Klebsiella pneumoniae		573	Microbe sample from Klebsiella pneumoniae			China:Nanchang	Homo sapiens				Sample name	KP41					2024-08-28T21:01:07.907		Microbe, viral or environmental		The First Affiliated Hospital, Jiangxi Medical College, Nanchang University	Microbe.1.0		2024-08-28T00:00:00.000						live	2024-08-28T20:29:04.330	9589		2024-08-28T20:29:04.330						Complete Genome				ASM4173412v1		GCA_041734125.1				NCBI Prokaryotic Genome Annotation Pipeline (PGAP)				current		2024-09-04	PacBio Sequel	current	The First Affiliated Hospital, Jiangxi Medical College, Nanchang University			haploid	5899266	1	5459370		3361762	57	326	5	5		5	1	5459370	5	5899266	5899266	99.05	86.0221	0.43	Klebsiella pneumoniae	species	573	v1.2.4	GCF_041734125.1													9589	Klebsiella pneumoniae		573	SOURCE_DATABASE_REFSEQ					
GCF_041734125.1	99.71	GCA_000788015.1	88.93	type	Klebsiella pneumoniae	91.62	derived_species_match	category_na	OK	na	99.71	GCA_000788015.1	88.93	type	Klebsiella pneumoniae subsp. pneumoniae	91.62	Klebsiella pneumoniae	Klebsiella pneumoniae									122		5635	189	5946	Best-placed reference protein set; GeneMarkS-2+	GCF_041734125.1-RS_2024_09_05	NCBI Prokaryotic Genome Annotation Pipeline (PGAP)	NCBI RefSeq	2024-09-05		6.8		HGAP v. 4			PRJNA1153628	PRJNA1153628			Klebsiella pneumoniae strain:9589 Genome sequencing	SAMN43400623		geo_loc_name	China:Nanchang		PRJNA1153628						2023-05										Klebsiella pneumoniae		573	Microbe sample from Klebsiella pneumoniae			China:Nanchang	Homo sapiens				Sample name	KP41					2024-08-28T21:01:07.907		Microbe, viral or environmental		The First Affiliated Hospital, Jiangxi Medical College, Nanchang University	Microbe.1.0		2024-08-28T00:00:00.000						live	2024-08-28T20:29:04.330	9589		2024-08-28T20:29:04.330						Complete Genome				ASM4173412v1		GCA_041734125.1				NCBI Prokaryotic Genome Annotation Pipeline (PGAP)				current		2024-09-04	PacBio Sequel	current	The First Affiliated Hospital, Jiangxi Medical College, Nanchang University			haploid	5899266	1	5459370		3361762	57	326	5	5		5	1	5459370	5	5899266	5899266	99.05	86.0221	0.43	Klebsiella pneumoniae	species	573	v1.2.4	GCF_041734125.1													9589	Klebsiella pneumoniae		573	SOURCE_DATABASE_REFSEQ					
GCF_041734125.1	99.71	GCA_000788015.1	88.93	type	Klebsiella pneumoniae	91.62	derived_species_match	category_na	OK	na	99.71	GCA_000788015.1	88.93	type	Klebsiella pneumoniae subsp. pneumoniae	91.62	Klebsiella pneumoniae	Klebsiella pneumoniae									122		5635	189	5946	Best-placed reference protein set; GeneMarkS-2+	GCF_041734125.1-RS_2024_09_05	NCBI Prokaryotic Genome Annotation Pipeline (PGAP)	NCBI RefSeq	2024-09-05		6.8		HGAP v. 4			PRJNA1153628	PRJNA1153628			Klebsiella pneumoniae strain:9589 Genome sequencing	SAMN43400623		sample_type	cell culture		PRJNA1153628						2023-05										Klebsiella pneumoniae		573	Microbe sample from Klebsiella pneumoniae			China:Nanchang	Homo sapiens				Sample name	KP41					2024-08-28T21:01:07.907		Microbe, viral or environmental		The First Affiliated Hospital, Jiangxi Medical College, Nanchang University	Microbe.1.0		2024-08-28T00:00:00.000						live	2024-08-28T20:29:04.330	9589		2024-08-28T20:29:04.330						Complete Genome				ASM4173412v1		GCA_041734125.1				NCBI Prokaryotic Genome Annotation Pipeline (PGAP)				current		2024-09-04	PacBio Sequel	current	The First Affiliated Hospital, Jiangxi Medical College, Nanchang University			haploid	5899266	1	5459370		3361762	57	326	5	5		5	1	5459370	5	5899266	5899266	99.05	86.0221	0.43	Klebsiella pneumoniae	species	573	v1.2.4	GCF_041734125.1													9589	Klebsiella pneumoniae		573	SOURCE_DATABASE_REFSEQ					
GCF_043950185.1	99.72	GCA_000788015.1	89.05	type	Klebsiella pneumoniae	91.08	derived_species_match	category_na	OK	na	99.72	GCA_000788015.1	89.05	type	Klebsiella pneumoniae subsp. pneumoniae	91.08	Klebsiella pneumoniae	Klebsiella pneumoniae									122		5586	179	5887	Best-placed reference protein set; GeneMarkS-2+	GCF_043950185.1-RS_2024_10_28	NCBI Prokaryotic Genome Annotation Pipeline (PGAP)	NCBI RefSeq	2024-10-28		6.8		HGAP v. 4			PRJNA1175394	PRJNA1175394			Klebsiella pneumoniae strain:JX-CRKP-K30 Genome sequencing	SAMN44359594		strain	JX-CRKP-K30		PRJNA1175394						2024										Klebsiella pneumoniae		573	Microbe sample from Klebsiella pneumoniae			China:Nanchang	Homo sapiens				Sample name	JX-CRKP-K30					2024-10-20T23:01:09.440		Microbe, viral or environmental		The First Affiliated Hospital, Jiangxi Medical College, Nanchang University	Microbe.1.0		2024-10-20T00:00:00.000						live	2024-10-20T22:34:03.969	JX-CRKP-K30		2024-10-20T22:34:03.970						Complete Genome				ASM4395018v1		GCA_043950185.1				NCBI Prokaryotic Genome Annotation Pipeline (PGAP)				current		2024-10-27	PacBio Sequel	current	The First Affiliated Hospital, Jiangxi Medical College, Nanchang University			haploid	5856452	1	5436112		3338728	57	247	4	4		4	1	5436112	4	5856452	5856452	98.94	74.0085	0.43	Klebsiella pneumoniae	species	573	v1.2.4	GCF_043950185.1													JX-CRKP-K30	Klebsiella pneumoniae		573	SOURCE_DATABASE_REFSEQ					
GCF_043950185.1	99.72	GCA_000788015.1	89.05	type	Klebsiella pneumoniae	91.08	derived_species_match	category_na	OK	na	99.72	GCA_000788015.1	89.05	type	Klebsiella pneumoniae subsp. pneumoniae	91.08	Klebsiella pneumoniae	Klebsiella pneumoniae									122		5586	179	5887	Best-placed reference protein set; GeneMarkS-2+	GCF_043950185.1-RS_2024_10_28	NCBI Prokaryotic Genome Annotation Pipeline (PGAP)	NCBI RefSeq	2024-10-28		6.8		HGAP v. 4			PRJNA1175394	PRJNA1175394			Klebsiella pneumoniae strain:JX-CRKP-K30 Genome sequencing	SAMN44359594		host	Homo sapiens		PRJNA1175394						2024										Klebsiella pneumoniae		573	Microbe sample from Klebsiella pneumoniae			China:Nanchang	Homo sapiens				Sample name	JX-CRKP-K30					2024-10-20T23:01:09.440		Microbe, viral or environmental		The First Affiliated Hospital, Jiangxi Medical College, Nanchang University	Microbe.1.0		2024-10-20T00:00:00.000						live	2024-10-20T22:34:03.969	JX-CRKP-K30		2024-10-20T22:34:03.970						Complete Genome				ASM4395018v1		GCA_043950185.1				NCBI Prokaryotic Genome Annotation Pipeline (PGAP)				current		2024-10-27	PacBio Sequel	current	The First Affiliated Hospital, Jiangxi Medical College, Nanchang University			haploid	5856452	1	5436112		3338728	57	247	4	4		4	1	5436112	4	5856452	5856452	98.94	74.0085	0.43	Klebsiella pneumoniae	species	573	v1.2.4	GCF_043950185.1													JX-CRKP-K30	Klebsiella pneumoniae		573	SOURCE_DATABASE_REFSEQ					
GCF_043950185.1	99.72	GCA_000788015.1	89.05	type	Klebsiella pneumoniae	91.08	derived_species_match	category_na	OK	na	99.72	GCA_000788015.1	89.05	type	Klebsiella pneumoniae subsp. pneumoniae	91.08	Klebsiella pneumoniae	Klebsiella pneumoniae									122		5586	179	5887	Best-placed reference protein set; GeneMarkS-2+	GCF_043950185.1-RS_2024_10_28	NCBI Prokaryotic Genome Annotation Pipeline (PGAP)	NCBI RefSeq	2024-10-28		6.8		HGAP v. 4			PRJNA1175394	PRJNA1175394			Klebsiella pneumoniae strain:JX-CRKP-K30 Genome sequencing	SAMN44359594		collection_date	2024		PRJNA1175394						2024										Klebsiella pneumoniae		573	Microbe sample from Klebsiella pneumoniae			China:Nanchang	Homo sapiens				Sample name	JX-CRKP-K30					2024-10-20T23:01:09.440		Microbe, viral or environmental		The First Affiliated Hospital, Jiangxi Medical College, Nanchang University	Microbe.1.0		2024-10-20T00:00:00.000						live	2024-10-20T22:34:03.969	JX-CRKP-K30		2024-10-20T22:34:03.970						Complete Genome				ASM4395018v1		GCA_043950185.1				NCBI Prokaryotic Genome Annotation Pipeline (PGAP)				current		2024-10-27	PacBio Sequel	current	The First Affiliated Hospital, Jiangxi Medical College, Nanchang University			haploid	5856452	1	5436112		3338728	57	247	4	4		4	1	5436112	4	5856452	5856452	98.94	74.0085	0.43	Klebsiella pneumoniae	species	573	v1.2.4	GCF_043950185.1													JX-CRKP-K30	Klebsiella pneumoniae		573	SOURCE_DATABASE_REFSEQ					
GCF_043950185.1	99.72	GCA_000788015.1	89.05	type	Klebsiella pneumoniae	91.08	derived_species_match	category_na	OK	na	99.72	GCA_000788015.1	89.05	type	Klebsiella pneumoniae subsp. pneumoniae	91.08	Klebsiella pneumoniae	Klebsiella pneumoniae									122		5586	179	5887	Best-placed reference protein set; GeneMarkS-2+	GCF_043950185.1-RS_2024_10_28	NCBI Prokaryotic Genome Annotation Pipeline (PGAP)	NCBI RefSeq	2024-10-28		6.8		HGAP v. 4			PRJNA1175394	PRJNA1175394			Klebsiella pneumoniae strain:JX-CRKP-K30 Genome sequencing	SAMN44359594		geo_loc_name	China:Nanchang		PRJNA1175394						2024										Klebsiella pneumoniae		573	Microbe sample from Klebsiella pneumoniae			China:Nanchang	Homo sapiens				Sample name	JX-CRKP-K30					2024-10-20T23:01:09.440		Microbe, viral or environmental		The First Affiliated Hospital, Jiangxi Medical College, Nanchang University	Microbe.1.0		2024-10-20T00:00:00.000						live	2024-10-20T22:34:03.969	JX-CRKP-K30		2024-10-20T22:34:03.970						Complete Genome				ASM4395018v1		GCA_043950185.1				NCBI Prokaryotic Genome Annotation Pipeline (PGAP)				current		2024-10-27	PacBio Sequel	current	The First Affiliated Hospital, Jiangxi Medical College, Nanchang University			haploid	5856452	1	5436112		3338728	57	247	4	4		4	1	5436112	4	5856452	5856452	98.94	74.0085	0.43	Klebsiella pneumoniae	species	573	v1.2.4	GCF_043950185.1													JX-CRKP-K30	Klebsiella pneumoniae		573	SOURCE_DATABASE_REFSEQ					
GCF_043950185.1	99.72	GCA_000788015.1	89.05	type	Klebsiella pneumoniae	91.08	derived_species_match	category_na	OK	na	99.72	GCA_000788015.1	89.05	type	Klebsiella pneumoniae subsp. pneumoniae	91.08	Klebsiella pneumoniae	Klebsiella pneumoniae									122		5586	179	5887	Best-placed reference protein set; GeneMarkS-2+	GCF_043950185.1-RS_2024_10_28	NCBI Prokaryotic Genome Annotation Pipeline (PGAP)	NCBI RefSeq	2024-10-28		6.8		HGAP v. 4			PRJNA1175394	PRJNA1175394			Klebsiella pneumoniae strain:JX-CRKP-K30 Genome sequencing	SAMN44359594		sample_type	cell culture		PRJNA1175394						2024										Klebsiella pneumoniae		573	Microbe sample from Klebsiella pneumoniae			China:Nanchang	Homo sapiens				Sample name	JX-CRKP-K30					2024-10-20T23:01:09.440		Microbe, viral or environmental		The First Affiliated Hospital, Jiangxi Medical College, Nanchang University	Microbe.1.0		2024-10-20T00:00:00.000						live	2024-10-20T22:34:03.969	JX-CRKP-K30		2024-10-20T22:34:03.970						Complete Genome				ASM4395018v1		GCA_043950185.1				NCBI Prokaryotic Genome Annotation Pipeline (PGAP)				current		2024-10-27	PacBio Sequel	current	The First Affiliated Hospital, Jiangxi Medical College, Nanchang University			haploid	5856452	1	5436112		3338728	57	247	4	4		4	1	5436112	4	5856452	5856452	98.94	74.0085	0.43	Klebsiella pneumoniae	species	573	v1.2.4	GCF_043950185.1													JX-CRKP-K30	Klebsiella pneumoniae		573	SOURCE_DATABASE_REFSEQ					
GCF_045344295.1	99.71	GCA_000788015.1	89	type	Klebsiella pneumoniae	91.44	derived_species_match	category_na	OK	na	99.71	GCA_000788015.1	89	type	Klebsiella pneumoniae subsp. pneumoniae	91.44	Klebsiella pneumoniae	Klebsiella pneumoniae									122		5628	185	5935	Best-placed reference protein set; GeneMarkS-2+	GCF_045344295.1-RS_2024_11_27	NCBI Prokaryotic Genome Annotation Pipeline (PGAP)	NCBI RefSeq	2024-11-27		6.9		canu v. 4.0			PRJNA1187795	PRJNA1187795			Klebsiella pneumoniae strain:JXZRKP1 Genome sequencing	SAMN44805373		strain	JXZRKP1		PRJNA1187795						2022										Klebsiella pneumoniae		573	Microbe sample from Klebsiella pneumoniae			China:Nanchang	Homo sapiens				Sample name	JXZRKP1				sputum	2024-11-19T00:01:26.450		Microbe, viral or environmental		The First Affiliated Hospital, Jiangxi Medical College, Nanchang University	Microbe.1.0		2024-11-18T00:00:00.000						live	2024-11-18T23:59:03.709	JXZRKP1		2024-11-18T23:59:03.710						Complete Genome				ASM4534429v1		GCA_045344295.1				NCBI Prokaryotic Genome Annotation Pipeline (PGAP)				current		2024-11-26	PacBio Sequel	current	The First Affiliated Hospital, Jiangxi Medical College, Nanchang University			haploid	5882922	1	5463404		3354214	57	74	6	6		6	1	5463404	6	5882922	5882922	99.07	88.0407	0.23	Klebsiella pneumoniae	species	573	v1.2.4	GCF_045344295.1													JXZRKP1	Klebsiella pneumoniae		573	SOURCE_DATABASE_REFSEQ					
GCF_045344295.1	99.71	GCA_000788015.1	89	type	Klebsiella pneumoniae	91.44	derived_species_match	category_na	OK	na	99.71	GCA_000788015.1	89	type	Klebsiella pneumoniae subsp. pneumoniae	91.44	Klebsiella pneumoniae	Klebsiella pneumoniae									122		5628	185	5935	Best-placed reference protein set; GeneMarkS-2+	GCF_045344295.1-RS_2024_11_27	NCBI Prokaryotic Genome Annotation Pipeline (PGAP)	NCBI RefSeq	2024-11-27		6.9		canu v. 4.0			PRJNA1187795	PRJNA1187795			Klebsiella pneumoniae strain:JXZRKP1 Genome sequencing	SAMN44805373		host	Homo sapiens		PRJNA1187795						2022										Klebsiella pneumoniae		573	Microbe sample from Klebsiella pneumoniae			China:Nanchang	Homo sapiens				Sample name	JXZRKP1				sputum	2024-11-19T00:01:26.450		Microbe, viral or environmental		The First Affiliated Hospital, Jiangxi Medical College, Nanchang University	Microbe.1.0		2024-11-18T00:00:00.000						live	2024-11-18T23:59:03.709	JXZRKP1		2024-11-18T23:59:03.710						Complete Genome				ASM4534429v1		GCA_045344295.1				NCBI Prokaryotic Genome Annotation Pipeline (PGAP)				current		2024-11-26	PacBio Sequel	current	The First Affiliated Hospital, Jiangxi Medical College, Nanchang University			haploid	5882922	1	5463404		3354214	57	74	6	6		6	1	5463404	6	5882922	5882922	99.07	88.0407	0.23	Klebsiella pneumoniae	species	573	v1.2.4	GCF_045344295.1													JXZRKP1	Klebsiella pneumoniae		573	SOURCE_DATABASE_REFSEQ					
GCF_045344295.1	99.71	GCA_000788015.1	89	type	Klebsiella pneumoniae	91.44	derived_species_match	category_na	OK	na	99.71	GCA_000788015.1	89	type	Klebsiella pneumoniae subsp. pneumoniae	91.44	Klebsiella pneumoniae	Klebsiella pneumoniae									122		5628	185	5935	Best-placed reference protein set; GeneMarkS-2+	GCF_045344295.1-RS_2024_11_27	NCBI Prokaryotic Genome Annotation Pipeline (PGAP)	NCBI RefSeq	2024-11-27		6.9		canu v. 4.0			PRJNA1187795	PRJNA1187795			Klebsiella pneumoniae strain:JXZRKP1 Genome sequencing	SAMN44805373		isolation_source	sputum		PRJNA1187795						2022										Klebsiella pneumoniae		573	Microbe sample from Klebsiella pneumoniae			China:Nanchang	Homo sapiens				Sample name	JXZRKP1				sputum	2024-11-19T00:01:26.450		Microbe, viral or environmental		The First Affiliated Hospital, Jiangxi Medical College, Nanchang University	Microbe.1.0		2024-11-18T00:00:00.000						live	2024-11-18T23:59:03.709	JXZRKP1		2024-11-18T23:59:03.710						Complete Genome				ASM4534429v1		GCA_045344295.1				NCBI Prokaryotic Genome Annotation Pipeline (PGAP)				current		2024-11-26	PacBio Sequel	current	The First Affiliated Hospital, Jiangxi Medical College, Nanchang University			haploid	5882922	1	5463404		3354214	57	74	6	6		6	1	5463404	6	5882922	5882922	99.07	88.0407	0.23	Klebsiella pneumoniae	species	573	v1.2.4	GCF_045344295.1													JXZRKP1	Klebsiella pneumoniae		573	SOURCE_DATABASE_REFSEQ					
GCF_045344295.1	99.71	GCA_000788015.1	89	type	Klebsiella pneumoniae	91.44	derived_species_match	category_na	OK	na	99.71	GCA_000788015.1	89	type	Klebsiella pneumoniae subsp. pneumoniae	91.44	Klebsiella pneumoniae	Klebsiella pneumoniae									122		5628	185	5935	Best-placed reference protein set; GeneMarkS-2+	GCF_045344295.1-RS_2024_11_27	NCBI Prokaryotic Genome Annotation Pipeline (PGAP)	NCBI RefSeq	2024-11-27		6.9		canu v. 4.0			PRJNA1187795	PRJNA1187795			Klebsiella pneumoniae strain:JXZRKP1 Genome sequencing	SAMN44805373		collection_date	2022		PRJNA1187795						2022										Klebsiella pneumoniae		573	Microbe sample from Klebsiella pneumoniae			China:Nanchang	Homo sapiens				Sample name	JXZRKP1				sputum	2024-11-19T00:01:26.450		Microbe, viral or environmental		The First Affiliated Hospital, Jiangxi Medical College, Nanchang University	Microbe.1.0		2024-11-18T00:00:00.000						live	2024-11-18T23:59:03.709	JXZRKP1		2024-11-18T23:59:03.710						Complete Genome				ASM4534429v1		GCA_045344295.1				NCBI Prokaryotic Genome Annotation Pipeline (PGAP)				current		2024-11-26	PacBio Sequel	current	The First Affiliated Hospital, Jiangxi Medical College, Nanchang University			haploid	5882922	1	5463404		3354214	57	74	6	6		6	1	5463404	6	5882922	5882922	99.07	88.0407	0.23	Klebsiella pneumoniae	species	573	v1.2.4	GCF_045344295.1													JXZRKP1	Klebsiella pneumoniae		573	SOURCE_DATABASE_REFSEQ					
GCF_045344295.1	99.71	GCA_000788015.1	89	type	Klebsiella pneumoniae	91.44	derived_species_match	category_na	OK	na	99.71	GCA_000788015.1	89	type	Klebsiella pneumoniae subsp. pneumoniae	91.44	Klebsiella pneumoniae	Klebsiella pneumoniae									122		5628	185	5935	Best-placed reference protein set; GeneMarkS-2+	GCF_045344295.1-RS_2024_11_27	NCBI Prokaryotic Genome Annotation Pipeline (PGAP)	NCBI RefSeq	2024-11-27		6.9		canu v. 4.0			PRJNA1187795	PRJNA1187795			Klebsiella pneumoniae strain:JXZRKP1 Genome sequencing	SAMN44805373		geo_loc_name	China:Nanchang		PRJNA1187795						2022										Klebsiella pneumoniae		573	Microbe sample from Klebsiella pneumoniae			China:Nanchang	Homo sapiens				Sample name	JXZRKP1				sputum	2024-11-19T00:01:26.450		Microbe, viral or environmental		The First Affiliated Hospital, Jiangxi Medical College, Nanchang University	Microbe.1.0		2024-11-18T00:00:00.000						live	2024-11-18T23:59:03.709	JXZRKP1		2024-11-18T23:59:03.710						Complete Genome				ASM4534429v1		GCA_045344295.1				NCBI Prokaryotic Genome Annotation Pipeline (PGAP)				current		2024-11-26	PacBio Sequel	current	The First Affiliated Hospital, Jiangxi Medical College, Nanchang University			haploid	5882922	1	5463404		3354214	57	74	6	6		6	1	5463404	6	5882922	5882922	99.07	88.0407	0.23	Klebsiella pneumoniae	species	573	v1.2.4	GCF_045344295.1													JXZRKP1	Klebsiella pneumoniae		573	SOURCE_DATABASE_REFSEQ					
GCF_045344295.1	99.71	GCA_000788015.1	89	type	Klebsiella pneumoniae	91.44	derived_species_match	category_na	OK	na	99.71	GCA_000788015.1	89	type	Klebsiella pneumoniae subsp. pneumoniae	91.44	Klebsiella pneumoniae	Klebsiella pneumoniae									122		5628	185	5935	Best-placed reference protein set; GeneMarkS-2+	GCF_045344295.1-RS_2024_11_27	NCBI Prokaryotic Genome Annotation Pipeline (PGAP)	NCBI RefSeq	2024-11-27		6.9		canu v. 4.0			PRJNA1187795	PRJNA1187795			Klebsiella pneumoniae strain:JXZRKP1 Genome sequencing	SAMN44805373		sample_type	cell culture		PRJNA1187795						2022										Klebsiella pneumoniae		573	Microbe sample from Klebsiella pneumoniae			China:Nanchang	Homo sapiens				Sample name	JXZRKP1				sputum	2024-11-19T00:01:26.450		Microbe, viral or environmental		The First Affiliated Hospital, Jiangxi Medical College, Nanchang University	Microbe.1.0		2024-11-18T00:00:00.000						live	2024-11-18T23:59:03.709	JXZRKP1		2024-11-18T23:59:03.710						Complete Genome				ASM4534429v1		GCA_045344295.1				NCBI Prokaryotic Genome Annotation Pipeline (PGAP)				current		2024-11-26	PacBio Sequel	current	The First Affiliated Hospital, Jiangxi Medical College, Nanchang University			haploid	5882922	1	5463404		3354214	57	74	6	6		6	1	5463404	6	5882922	5882922	99.07	88.0407	0.23	Klebsiella pneumoniae	species	573	v1.2.4	GCF_045344295.1													JXZRKP1	Klebsiella pneumoniae		573	SOURCE_DATABASE_REFSEQ					
GCF_045345785.1	99.71	GCA_000788015.1	88.9	type	Klebsiella pneumoniae	91.44	derived_species_match	category_na	OK	na	99.71	GCA_000788015.1	88.9	type	Klebsiella pneumoniae subsp. pneumoniae	91.44	Klebsiella pneumoniae	Klebsiella pneumoniae									122		5635	186	5943	Best-placed reference protein set; GeneMarkS-2+	GCF_045345785.1-RS_2024_11_27	NCBI Prokaryotic Genome Annotation Pipeline (PGAP)	NCBI RefSeq	2024-11-27		6.9		canu v. 4.0			PRJNA1187798	PRJNA1187798			Klebsiella pneumoniae strain:JXZRKP2 Genome sequencing	SAMN44805724		strain	JXZRKP2		PRJNA1187798						2022										Klebsiella pneumoniae		573	Microbe sample from Klebsiella pneumoniae			China:Nanchang	Homo sapiens				Sample name	JXZRKP2				sputum	2024-11-19T01:01:43.933		Microbe, viral or environmental		The First Affiliated Hospital, Jiangxi Medical College, Nanchang University	Microbe.1.0		2024-11-19T00:00:00.000						live	2024-11-19T00:08:11.659	JXZRKP2		2024-11-19T00:08:11.660						Complete Genome				ASM4534578v1		GCA_045345785.1				NCBI Prokaryotic Genome Annotation Pipeline (PGAP)				current		2024-11-26	PacBio Sequel	current	The First Affiliated Hospital, Jiangxi Medical College, Nanchang University			haploid	5889541	1	5465314		3357426	57	58	6	6		6	1	5465314	6	5889541	5889541	99.07	88.0407	0.23	Klebsiella pneumoniae	species	573	v1.2.4	GCF_045345785.1													JXZRKP2	Klebsiella pneumoniae		573	SOURCE_DATABASE_REFSEQ					
GCF_045345785.1	99.71	GCA_000788015.1	88.9	type	Klebsiella pneumoniae	91.44	derived_species_match	category_na	OK	na	99.71	GCA_000788015.1	88.9	type	Klebsiella pneumoniae subsp. pneumoniae	91.44	Klebsiella pneumoniae	Klebsiella pneumoniae									122		5635	186	5943	Best-placed reference protein set; GeneMarkS-2+	GCF_045345785.1-RS_2024_11_27	NCBI Prokaryotic Genome Annotation Pipeline (PGAP)	NCBI RefSeq	2024-11-27		6.9		canu v. 4.0			PRJNA1187798	PRJNA1187798			Klebsiella pneumoniae strain:JXZRKP2 Genome sequencing	SAMN44805724		host	Homo sapiens		PRJNA1187798						2022										Klebsiella pneumoniae		573	Microbe sample from Klebsiella pneumoniae			China:Nanchang	Homo sapiens				Sample name	JXZRKP2				sputum	2024-11-19T01:01:43.933		Microbe, viral or environmental		The First Affiliated Hospital, Jiangxi Medical College, Nanchang University	Microbe.1.0		2024-11-19T00:00:00.000						live	2024-11-19T00:08:11.659	JXZRKP2		2024-11-19T00:08:11.660						Complete Genome				ASM4534578v1		GCA_045345785.1				NCBI Prokaryotic Genome Annotation Pipeline (PGAP)				current		2024-11-26	PacBio Sequel	current	The First Affiliated Hospital, Jiangxi Medical College, Nanchang University			haploid	5889541	1	5465314		3357426	57	58	6	6		6	1	5465314	6	5889541	5889541	99.07	88.0407	0.23	Klebsiella pneumoniae	species	573	v1.2.4	GCF_045345785.1													JXZRKP2	Klebsiella pneumoniae		573	SOURCE_DATABASE_REFSEQ					
GCF_045345785.1	99.71	GCA_000788015.1	88.9	type	Klebsiella pneumoniae	91.44	derived_species_match	category_na	OK	na	99.71	GCA_000788015.1	88.9	type	Klebsiella pneumoniae subsp. pneumoniae	91.44	Klebsiella pneumoniae	Klebsiella pneumoniae									122		5635	186	5943	Best-placed reference protein set; GeneMarkS-2+	GCF_045345785.1-RS_2024_11_27	NCBI Prokaryotic Genome Annotation Pipeline (PGAP)	NCBI RefSeq	2024-11-27		6.9		canu v. 4.0			PRJNA1187798	PRJNA1187798			Klebsiella pneumoniae strain:JXZRKP2 Genome sequencing	SAMN44805724		isolation_source	sputum		PRJNA1187798						2022										Klebsiella pneumoniae		573	Microbe sample from Klebsiella pneumoniae			China:Nanchang	Homo sapiens				Sample name	JXZRKP2				sputum	2024-11-19T01:01:43.933		Microbe, viral or environmental		The First Affiliated Hospital, Jiangxi Medical College, Nanchang University	Microbe.1.0		2024-11-19T00:00:00.000						live	2024-11-19T00:08:11.659	JXZRKP2		2024-11-19T00:08:11.660						Complete Genome				ASM4534578v1		GCA_045345785.1				NCBI Prokaryotic Genome Annotation Pipeline (PGAP)				current		2024-11-26	PacBio Sequel	current	The First Affiliated Hospital, Jiangxi Medical College, Nanchang University			haploid	5889541	1	5465314		3357426	57	58	6	6		6	1	5465314	6	5889541	5889541	99.07	88.0407	0.23	Klebsiella pneumoniae	species	573	v1.2.4	GCF_045345785.1													JXZRKP2	Klebsiella pneumoniae		573	SOURCE_DATABASE_REFSEQ					
GCF_045345785.1	99.71	GCA_000788015.1	88.9	type	Klebsiella pneumoniae	91.44	derived_species_match	category_na	OK	na	99.71	GCA_000788015.1	88.9	type	Klebsiella pneumoniae subsp. pneumoniae	91.44	Klebsiella pneumoniae	Klebsiella pneumoniae									122		5635	186	5943	Best-placed reference protein set; GeneMarkS-2+	GCF_045345785.1-RS_2024_11_27	NCBI Prokaryotic Genome Annotation Pipeline (PGAP)	NCBI RefSeq	2024-11-27		6.9		canu v. 4.0			PRJNA1187798	PRJNA1187798			Klebsiella pneumoniae strain:JXZRKP2 Genome sequencing	SAMN44805724		collection_date	2022		PRJNA1187798						2022										Klebsiella pneumoniae		573	Microbe sample from Klebsiella pneumoniae			China:Nanchang	Homo sapiens				Sample name	JXZRKP2				sputum	2024-11-19T01:01:43.933		Microbe, viral or environmental		The First Affiliated Hospital, Jiangxi Medical College, Nanchang University	Microbe.1.0		2024-11-19T00:00:00.000						live	2024-11-19T00:08:11.659	JXZRKP2		2024-11-19T00:08:11.660						Complete Genome				ASM4534578v1		GCA_045345785.1				NCBI Prokaryotic Genome Annotation Pipeline (PGAP)				current		2024-11-26	PacBio Sequel	current	The First Affiliated Hospital, Jiangxi Medical College, Nanchang University			haploid	5889541	1	5465314		3357426	57	58	6	6		6	1	5465314	6	5889541	5889541	99.07	88.0407	0.23	Klebsiella pneumoniae	species	573	v1.2.4	GCF_045345785.1													JXZRKP2	Klebsiella pneumoniae		573	SOURCE_DATABASE_REFSEQ					
GCF_045345785.1	99.71	GCA_000788015.1	88.9	type	Klebsiella pneumoniae	91.44	derived_species_match	category_na	OK	na	99.71	GCA_000788015.1	88.9	type	Klebsiella pneumoniae subsp. pneumoniae	91.44	Klebsiella pneumoniae	Klebsiella pneumoniae									122		5635	186	5943	Best-placed reference protein set; GeneMarkS-2+	GCF_045345785.1-RS_2024_11_27	NCBI Prokaryotic Genome Annotation Pipeline (PGAP)	NCBI RefSeq	2024-11-27		6.9		canu v. 4.0			PRJNA1187798	PRJNA1187798			Klebsiella pneumoniae strain:JXZRKP2 Genome sequencing	SAMN44805724		geo_loc_name	China:Nanchang		PRJNA1187798						2022										Klebsiella pneumoniae		573	Microbe sample from Klebsiella pneumoniae			China:Nanchang	Homo sapiens				Sample name	JXZRKP2				sputum	2024-11-19T01:01:43.933		Microbe, viral or environmental		The First Affiliated Hospital, Jiangxi Medical College, Nanchang University	Microbe.1.0		2024-11-19T00:00:00.000						live	2024-11-19T00:08:11.659	JXZRKP2		2024-11-19T00:08:11.660						Complete Genome				ASM4534578v1		GCA_045345785.1				NCBI Prokaryotic Genome Annotation Pipeline (PGAP)				current		2024-11-26	PacBio Sequel	current	The First Affiliated Hospital, Jiangxi Medical College, Nanchang University			haploid	5889541	1	5465314		3357426	57	58	6	6		6	1	5465314	6	5889541	5889541	99.07	88.0407	0.23	Klebsiella pneumoniae	species	573	v1.2.4	GCF_045345785.1													JXZRKP2	Klebsiella pneumoniae		573	SOURCE_DATABASE_REFSEQ					
GCF_045345785.1	99.71	GCA_000788015.1	88.9	type	Klebsiella pneumoniae	91.44	derived_species_match	category_na	OK	na	99.71	GCA_000788015.1	88.9	type	Klebsiella pneumoniae subsp. pneumoniae	91.44	Klebsiella pneumoniae	Klebsiella pneumoniae									122		5635	186	5943	Best-placed reference protein set; GeneMarkS-2+	GCF_045345785.1-RS_2024_11_27	NCBI Prokaryotic Genome Annotation Pipeline (PGAP)	NCBI RefSeq	2024-11-27		6.9		canu v. 4.0			PRJNA1187798	PRJNA1187798			Klebsiella pneumoniae strain:JXZRKP2 Genome sequencing	SAMN44805724		sample_type	cell culture		PRJNA1187798						2022										Klebsiella pneumoniae		573	Microbe sample from Klebsiella pneumoniae			China:Nanchang	Homo sapiens				Sample name	JXZRKP2				sputum	2024-11-19T01:01:43.933		Microbe, viral or environmental		The First Affiliated Hospital, Jiangxi Medical College, Nanchang University	Microbe.1.0		2024-11-19T00:00:00.000						live	2024-11-19T00:08:11.659	JXZRKP2		2024-11-19T00:08:11.660						Complete Genome				ASM4534578v1		GCA_045345785.1				NCBI Prokaryotic Genome Annotation Pipeline (PGAP)				current		2024-11-26	PacBio Sequel	current	The First Affiliated Hospital, Jiangxi Medical College, Nanchang University			haploid	5889541	1	5465314		3357426	57	58	6	6		6	1	5465314	6	5889541	5889541	99.07	88.0407	0.23	Klebsiella pneumoniae	species	573	v1.2.4	GCF_045345785.1													JXZRKP2	Klebsiella pneumoniae		573	SOURCE_DATABASE_REFSEQ					
GCF_045345795.1	99.71	GCA_000788015.1	89.4	type	Klebsiella pneumoniae	91.44	derived_species_match	category_na	OK	na	99.71	GCA_000788015.1	89.4	type	Klebsiella pneumoniae subsp. pneumoniae	91.44	Klebsiella pneumoniae	Klebsiella pneumoniae									122		5605	175	5902	Best-placed reference protein set; GeneMarkS-2+	GCF_045345795.1-RS_2024_11_27	NCBI Prokaryotic Genome Annotation Pipeline (PGAP)	NCBI RefSeq	2024-11-27		6.9		canu v. 4.0			PRJNA1187800	PRJNA1187800			Klebsiella pneumoniae strain:JXZRKP3 Genome sequencing	SAMN44805727		strain	JXZRKP3		PRJNA1187800						2022										Klebsiella pneumoniae		573	Microbe sample from Klebsiella pneumoniae			China:Nanchang	Homo sapiens				Sample name	JXZRKP3				sputum	2024-11-19T01:01:43.990		Microbe, viral or environmental		The First Affiliated Hospital, Jiangxi Medical College, Nanchang University	Microbe.1.0		2024-11-19T00:00:00.000						live	2024-11-19T00:14:05.511	JXZRKP3		2024-11-19T00:14:05.510						Complete Genome				ASM4534579v1		GCA_045345795.1				NCBI Prokaryotic Genome Annotation Pipeline (PGAP)				current		2024-11-26	PacBio Sequel	current	The First Affiliated Hospital, Jiangxi Medical College, Nanchang University			haploid	5856789	1	5463404		3340844	57	83	6	6		6	1	5463404	6	5856789	5856789	99.07	88.0407	0.23	Klebsiella pneumoniae	species	573	v1.2.4	GCF_045345795.1													JXZRKP3	Klebsiella pneumoniae		573	SOURCE_DATABASE_REFSEQ					
GCF_045345795.1	99.71	GCA_000788015.1	89.4	type	Klebsiella pneumoniae	91.44	derived_species_match	category_na	OK	na	99.71	GCA_000788015.1	89.4	type	Klebsiella pneumoniae subsp. pneumoniae	91.44	Klebsiella pneumoniae	Klebsiella pneumoniae									122		5605	175	5902	Best-placed reference protein set; GeneMarkS-2+	GCF_045345795.1-RS_2024_11_27	NCBI Prokaryotic Genome Annotation Pipeline (PGAP)	NCBI RefSeq	2024-11-27		6.9		canu v. 4.0			PRJNA1187800	PRJNA1187800			Klebsiella pneumoniae strain:JXZRKP3 Genome sequencing	SAMN44805727		host	Homo sapiens		PRJNA1187800						2022										Klebsiella pneumoniae		573	Microbe sample from Klebsiella pneumoniae			China:Nanchang	Homo sapiens				Sample name	JXZRKP3				sputum	2024-11-19T01:01:43.990		Microbe, viral or environmental		The First Affiliated Hospital, Jiangxi Medical College, Nanchang University	Microbe.1.0		2024-11-19T00:00:00.000						live	2024-11-19T00:14:05.511	JXZRKP3		2024-11-19T00:14:05.510						Complete Genome				ASM4534579v1		GCA_045345795.1				NCBI Prokaryotic Genome Annotation Pipeline (PGAP)				current		2024-11-26	PacBio Sequel	current	The First Affiliated Hospital, Jiangxi Medical College, Nanchang University			haploid	5856789	1	5463404		3340844	57	83	6	6		6	1	5463404	6	5856789	5856789	99.07	88.0407	0.23	Klebsiella pneumoniae	species	573	v1.2.4	GCF_045345795.1													JXZRKP3	Klebsiella pneumoniae		573	SOURCE_DATABASE_REFSEQ					
GCF_045345795.1	99.71	GCA_000788015.1	89.4	type	Klebsiella pneumoniae	91.44	derived_species_match	category_na	OK	na	99.71	GCA_000788015.1	89.4	type	Klebsiella pneumoniae subsp. pneumoniae	91.44	Klebsiella pneumoniae	Klebsiella pneumoniae									122		5605	175	5902	Best-placed reference protein set; GeneMarkS-2+	GCF_045345795.1-RS_2024_11_27	NCBI Prokaryotic Genome Annotation Pipeline (PGAP)	NCBI RefSeq	2024-11-27		6.9		canu v. 4.0			PRJNA1187800	PRJNA1187800			Klebsiella pneumoniae strain:JXZRKP3 Genome sequencing	SAMN44805727		isolation_source	sputum		PRJNA1187800						2022										Klebsiella pneumoniae		573	Microbe sample from Klebsiella pneumoniae			China:Nanchang	Homo sapiens				Sample name	JXZRKP3				sputum	2024-11-19T01:01:43.990		Microbe, viral or environmental		The First Affiliated Hospital, Jiangxi Medical College, Nanchang University	Microbe.1.0		2024-11-19T00:00:00.000						live	2024-11-19T00:14:05.511	JXZRKP3		2024-11-19T00:14:05.510						Complete Genome				ASM4534579v1		GCA_045345795.1				NCBI Prokaryotic Genome Annotation Pipeline (PGAP)				current		2024-11-26	PacBio Sequel	current	The First Affiliated Hospital, Jiangxi Medical College, Nanchang University			haploid	5856789	1	5463404		3340844	57	83	6	6		6	1	5463404	6	5856789	5856789	99.07	88.0407	0.23	Klebsiella pneumoniae	species	573	v1.2.4	GCF_045345795.1													JXZRKP3	Klebsiella pneumoniae		573	SOURCE_DATABASE_REFSEQ					
GCF_045345795.1	99.71	GCA_000788015.1	89.4	type	Klebsiella pneumoniae	91.44	derived_species_match	category_na	OK	na	99.71	GCA_000788015.1	89.4	type	Klebsiella pneumoniae subsp. pneumoniae	91.44	Klebsiella pneumoniae	Klebsiella pneumoniae									122		5605	175	5902	Best-placed reference protein set; GeneMarkS-2+	GCF_045345795.1-RS_2024_11_27	NCBI Prokaryotic Genome Annotation Pipeline (PGAP)	NCBI RefSeq	2024-11-27		6.9		canu v. 4.0			PRJNA1187800	PRJNA1187800			Klebsiella pneumoniae strain:JXZRKP3 Genome sequencing	SAMN44805727		collection_date	2022		PRJNA1187800						2022										Klebsiella pneumoniae		573	Microbe sample from Klebsiella pneumoniae			China:Nanchang	Homo sapiens				Sample name	JXZRKP3				sputum	2024-11-19T01:01:43.990		Microbe, viral or environmental		The First Affiliated Hospital, Jiangxi Medical College, Nanchang University	Microbe.1.0		2024-11-19T00:00:00.000						live	2024-11-19T00:14:05.511	JXZRKP3		2024-11-19T00:14:05.510						Complete Genome				ASM4534579v1		GCA_045345795.1				NCBI Prokaryotic Genome Annotation Pipeline (PGAP)				current		2024-11-26	PacBio Sequel	current	The First Affiliated Hospital, Jiangxi Medical College, Nanchang University			haploid	5856789	1	5463404		3340844	57	83	6	6		6	1	5463404	6	5856789	5856789	99.07	88.0407	0.23	Klebsiella pneumoniae	species	573	v1.2.4	GCF_045345795.1													JXZRKP3	Klebsiella pneumoniae		573	SOURCE_DATABASE_REFSEQ					
GCF_045345795.1	99.71	GCA_000788015.1	89.4	type	Klebsiella pneumoniae	91.44	derived_species_match	category_na	OK	na	99.71	GCA_000788015.1	89.4	type	Klebsiella pneumoniae subsp. pneumoniae	91.44	Klebsiella pneumoniae	Klebsiella pneumoniae									122		5605	175	5902	Best-placed reference protein set; GeneMarkS-2+	GCF_045345795.1-RS_2024_11_27	NCBI Prokaryotic Genome Annotation Pipeline (PGAP)	NCBI RefSeq	2024-11-27		6.9		canu v. 4.0			PRJNA1187800	PRJNA1187800			Klebsiella pneumoniae strain:JXZRKP3 Genome sequencing	SAMN44805727		geo_loc_name	China:Nanchang		PRJNA1187800						2022										Klebsiella pneumoniae		573	Microbe sample from Klebsiella pneumoniae			China:Nanchang	Homo sapiens				Sample name	JXZRKP3				sputum	2024-11-19T01:01:43.990		Microbe, viral or environmental		The First Affiliated Hospital, Jiangxi Medical College, Nanchang University	Microbe.1.0		2024-11-19T00:00:00.000						live	2024-11-19T00:14:05.511	JXZRKP3		2024-11-19T00:14:05.510						Complete Genome				ASM4534579v1		GCA_045345795.1				NCBI Prokaryotic Genome Annotation Pipeline (PGAP)				current		2024-11-26	PacBio Sequel	current	The First Affiliated Hospital, Jiangxi Medical College, Nanchang University			haploid	5856789	1	5463404		3340844	57	83	6	6		6	1	5463404	6	5856789	5856789	99.07	88.0407	0.23	Klebsiella pneumoniae	species	573	v1.2.4	GCF_045345795.1													JXZRKP3	Klebsiella pneumoniae		573	SOURCE_DATABASE_REFSEQ					
GCF_045345795.1	99.71	GCA_000788015.1	89.4	type	Klebsiella pneumoniae	91.44	derived_species_match	category_na	OK	na	99.71	GCA_000788015.1	89.4	type	Klebsiella pneumoniae subsp. pneumoniae	91.44	Klebsiella pneumoniae	Klebsiella pneumoniae									122		5605	175	5902	Best-placed reference protein set; GeneMarkS-2+	GCF_045345795.1-RS_2024_11_27	NCBI Prokaryotic Genome Annotation Pipeline (PGAP)	NCBI RefSeq	2024-11-27		6.9		canu v. 4.0			PRJNA1187800	PRJNA1187800			Klebsiella pneumoniae strain:JXZRKP3 Genome sequencing	SAMN44805727		sample_type	cell culture		PRJNA1187800						2022										Klebsiella pneumoniae		573	Microbe sample from Klebsiella pneumoniae			China:Nanchang	Homo sapiens				Sample name	JXZRKP3				sputum	2024-11-19T01:01:43.990		Microbe, viral or environmental		The First Affiliated Hospital, Jiangxi Medical College, Nanchang University	Microbe.1.0		2024-11-19T00:00:00.000						live	2024-11-19T00:14:05.511	JXZRKP3		2024-11-19T00:14:05.510						Complete Genome				ASM4534579v1		GCA_045345795.1				NCBI Prokaryotic Genome Annotation Pipeline (PGAP)				current		2024-11-26	PacBio Sequel	current	The First Affiliated Hospital, Jiangxi Medical College, Nanchang University			haploid	5856789	1	5463404		3340844	57	83	6	6		6	1	5463404	6	5856789	5856789	99.07	88.0407	0.23	Klebsiella pneumoniae	species	573	v1.2.4	GCF_045345795.1													JXZRKP3	Klebsiella pneumoniae		573	SOURCE_DATABASE_REFSEQ					
